-- MySQL dump 10.13  Distrib 8.0.20, for Linux (x86_64)
--
-- Host: localhost    Database: speakland
-- ------------------------------------------------------
-- Server version	8.0.20

/*!40101 SET @OLD_CHARACTER_SET_CLIENT=@@CHARACTER_SET_CLIENT */;
/*!40101 SET @OLD_CHARACTER_SET_RESULTS=@@CHARACTER_SET_RESULTS */;
/*!40101 SET @OLD_COLLATION_CONNECTION=@@COLLATION_CONNECTION */;
/*!50503 SET NAMES utf8mb4 */;
/*!40103 SET @OLD_TIME_ZONE=@@TIME_ZONE */;
/*!40103 SET TIME_ZONE='+00:00' */;
/*!40014 SET @OLD_UNIQUE_CHECKS=@@UNIQUE_CHECKS, UNIQUE_CHECKS=0 */;
/*!40014 SET @OLD_FOREIGN_KEY_CHECKS=@@FOREIGN_KEY_CHECKS, FOREIGN_KEY_CHECKS=0 */;
/*!40101 SET @OLD_SQL_MODE=@@SQL_MODE, SQL_MODE='NO_AUTO_VALUE_ON_ZERO' */;
/*!40111 SET @OLD_SQL_NOTES=@@SQL_NOTES, SQL_NOTES=0 */;

--
-- Table structure for table `answers`
--

DROP TABLE IF EXISTS `answers`;
/*!40101 SET @saved_cs_client     = @@character_set_client */;
/*!50503 SET character_set_client = utf8mb4 */;
CREATE TABLE `answers` (
  `id` bigint unsigned NOT NULL AUTO_INCREMENT,
  `question_id` bigint unsigned NOT NULL,
  `title` varchar(255) COLLATE utf8mb4_unicode_ci NOT NULL,
  `order` int unsigned NOT NULL,
  `right` tinyint unsigned NOT NULL DEFAULT '0',
  `description` varchar(255) COLLATE utf8mb4_unicode_ci DEFAULT NULL,
  `created_at` timestamp NULL DEFAULT NULL,
  `updated_at` timestamp NULL DEFAULT NULL,
  PRIMARY KEY (`id`)
) ENGINE=InnoDB AUTO_INCREMENT=59 DEFAULT CHARSET=utf8mb4 COLLATE=utf8mb4_unicode_ci;
/*!40101 SET character_set_client = @saved_cs_client */;

--
-- Dumping data for table `answers`
--

LOCK TABLES `answers` WRITE;
/*!40000 ALTER TABLE `answers` DISABLE KEYS */;
INSERT INTO `answers` VALUES (2,6,'Otvet 1',1,0,'Description','2020-06-08 04:05:43','2020-06-08 04:05:43'),(20,14,'Da',1,0,NULL,'2020-06-08 04:22:09','2020-06-08 04:22:09'),(21,14,'Net',2,1,'opis','2020-06-08 04:22:09','2020-06-08 04:22:09'),(30,15,'Otvet 1',1,1,'ASFafsfafasfas','2020-06-13 17:47:38','2020-06-13 17:47:38'),(31,15,'Otvet 2',2,0,'asdasffas','2020-06-13 17:47:38','2020-06-13 17:47:38'),(36,11,'Vardan',1,1,'Some desc','2020-07-06 15:02:46','2020-07-06 15:02:46'),(37,11,'Evgeniy',2,0,NULL,'2020-07-06 15:02:46','2020-07-06 15:02:46'),(38,11,'Artur',3,0,NULL,'2020-07-06 15:02:46','2020-07-06 15:02:46'),(39,11,'John',4,0,NULL,'2020-07-06 15:02:46','2020-07-06 15:02:46'),(40,13,'Kati',2,1,NULL,'2020-07-06 15:03:32','2020-07-06 15:03:32'),(41,13,'Graph',1,0,NULL,'2020-07-06 15:03:32','2020-07-06 15:03:32'),(42,13,'Osyol',3,0,NULL,'2020-07-06 15:03:32','2020-07-06 15:03:32'),(43,13,'Arut',4,0,NULL,'2020-07-06 15:03:32','2020-07-06 15:03:32'),(44,12,'Bill',4,1,NULL,'2020-07-06 15:04:15','2020-07-06 15:04:15'),(45,12,'Gates',1,0,NULL,'2020-07-06 15:04:15','2020-07-06 15:04:15'),(46,12,'Osyol',3,0,NULL,'2020-07-06 15:04:15','2020-07-06 15:04:15'),(47,12,'Harry',2,0,NULL,'2020-07-06 15:04:15','2020-07-06 15:04:15'),(48,10,'Volandemort',4,1,NULL,'2020-07-06 15:05:36','2020-07-06 15:05:36'),(49,10,'Trump',3,0,NULL,'2020-07-06 15:05:36','2020-07-06 15:05:36'),(50,10,'Kto to tam takoy',2,0,NULL,'2020-07-06 15:05:36','2020-07-06 15:05:36'),(51,10,'Lavrov',1,0,NULL,'2020-07-06 15:05:36','2020-07-06 15:05:36'),(52,10,'Stalin',5,0,NULL,'2020-07-06 15:05:36','2020-07-06 15:05:36'),(53,9,'Vesti peregovori',1,0,NULL,'2020-07-06 15:08:13','2020-07-06 15:08:13'),(54,9,'Bejat',2,1,'gsgagsagas','2020-07-06 15:08:13','2020-07-06 15:08:13'),(55,9,'Pritvoryatsya medvedixoy',3,0,NULL,'2020-07-06 15:08:13','2020-07-06 15:08:13'),(56,9,'Plakat',4,0,NULL,'2020-07-06 15:08:13','2020-07-06 15:08:13'),(57,9,'Zvonit druzyam za sovetom',5,0,NULL,'2020-07-06 15:08:13','2020-07-06 15:08:13'),(58,9,'Zvat duxi lesa',6,0,NULL,'2020-07-06 15:08:13','2020-07-06 15:08:13');
/*!40000 ALTER TABLE `answers` ENABLE KEYS */;
UNLOCK TABLES;

--
-- Table structure for table `failed_jobs`
--

DROP TABLE IF EXISTS `failed_jobs`;
/*!40101 SET @saved_cs_client     = @@character_set_client */;
/*!50503 SET character_set_client = utf8mb4 */;
CREATE TABLE `failed_jobs` (
  `id` bigint unsigned NOT NULL AUTO_INCREMENT,
  `connection` text COLLATE utf8mb4_unicode_ci NOT NULL,
  `queue` text COLLATE utf8mb4_unicode_ci NOT NULL,
  `payload` longtext COLLATE utf8mb4_unicode_ci NOT NULL,
  `exception` longtext COLLATE utf8mb4_unicode_ci NOT NULL,
  `failed_at` timestamp NOT NULL DEFAULT CURRENT_TIMESTAMP,
  PRIMARY KEY (`id`)
) ENGINE=InnoDB DEFAULT CHARSET=utf8mb4 COLLATE=utf8mb4_unicode_ci;
/*!40101 SET character_set_client = @saved_cs_client */;

--
-- Dumping data for table `failed_jobs`
--

LOCK TABLES `failed_jobs` WRITE;
/*!40000 ALTER TABLE `failed_jobs` DISABLE KEYS */;
/*!40000 ALTER TABLE `failed_jobs` ENABLE KEYS */;
UNLOCK TABLES;

--
-- Table structure for table `media`
--

DROP TABLE IF EXISTS `media`;
/*!40101 SET @saved_cs_client     = @@character_set_client */;
/*!50503 SET character_set_client = utf8mb4 */;
CREATE TABLE `media` (
  `id` bigint unsigned NOT NULL AUTO_INCREMENT,
  `step_id` bigint unsigned NOT NULL,
  `order` int unsigned NOT NULL,
  `type` varchar(255) COLLATE utf8mb4_unicode_ci NOT NULL,
  `file_path` varchar(255) COLLATE utf8mb4_unicode_ci DEFAULT NULL,
  `file_url` varchar(255) COLLATE utf8mb4_unicode_ci DEFAULT NULL,
  `content` text COLLATE utf8mb4_unicode_ci,
  `created_at` timestamp NULL DEFAULT NULL,
  `updated_at` timestamp NULL DEFAULT NULL,
  PRIMARY KEY (`id`)
) ENGINE=InnoDB AUTO_INCREMENT=134 DEFAULT CHARSET=utf8mb4 COLLATE=utf8mb4_unicode_ci;
/*!40101 SET character_set_client = @saved_cs_client */;

--
-- Dumping data for table `media`
--

LOCK TABLES `media` WRITE;
/*!40000 ALTER TABLE `media` DISABLE KEYS */;
INSERT INTO `media` VALUES (1,15,23,'text',NULL,NULL,'asffasfasfsafsafsa','2020-06-22 17:46:30','2020-06-22 17:46:30'),(2,16,23,'text',NULL,NULL,'asffasfasfsafsafsa','2020-06-22 17:48:47','2020-07-05 22:32:35'),(3,17,23,'text',NULL,NULL,'asffasfasfsafsafsa','2020-06-22 17:49:43','2020-06-22 17:49:43'),(4,17,2,'pdf','/var/www/speakland/public/storage/media/20200616_125548-сжатый.pdf','/storage/media/20200616_125548-сжатый.pdf',NULL,'2020-06-22 17:49:43','2020-06-22 17:49:43'),(5,17,4,'audio','/var/www/speakland/public/storage/media/t_voice5389009785435720067.ogg','/storage/media/t_voice5389009785435720067.ogg',NULL,'2020-06-22 17:49:43','2020-06-22 17:49:43'),(6,17,24,'text',NULL,NULL,'fafsfssgdsgsgsdsdsd','2020-06-22 17:49:43','2020-06-22 17:49:43'),(7,18,2,'text',NULL,NULL,'afsafsfsafsafsafsafsafsa','2020-06-22 18:01:27','2020-07-05 21:37:09'),(8,18,6,'audio','/var/www/speakland/public/storage/media/1592856087_t_voice5389009785435720067.ogg','/storage/media/1592856087_t_voice5389009785435720067.ogg',NULL,'2020-06-22 18:01:27','2020-07-05 21:37:09'),(9,18,1,'video','/var/www/speakland/public/storage/media/880.mp4','/storage/media/880.mp4',NULL,'2020-06-22 18:01:27','2020-07-05 21:37:09'),(10,18,10,'pdf','/var/www/speakland/public/storage/media/20200616_125548.pdf','/storage/media/20200616_125548.pdf',NULL,'2020-06-22 18:01:27','2020-07-05 21:37:09'),(12,18,4,'text',NULL,NULL,'fassffsaafsfsa','2020-06-22 18:16:11','2020-07-05 21:37:09'),(14,10,1,'text',NULL,NULL,'Описание ОписаниеОписание ОписаниеОписание ОписаниеОписание ОписаниеОписание ОписаниеОписание ОписаниеОписание ОписаниеОписание ОписаниеОписание Описание','2020-07-04 18:53:07','2020-07-04 19:11:16'),(16,10,3,'text',NULL,NULL,'Текст Текст\r\n\r\nТекст Текст\r\n\r\nТекст Текст\r\n\r\nТекст Текст\r\n\r\nТекст Текст\r\n\r\nТекст Текст\r\n\r\nТекст Текст\r\n\r\nТекст Текст','2020-07-04 18:53:07','2020-07-04 19:11:16'),(19,10,5,'pdf','/var/www/speakland/public/storage/media/Otzyv_Tarloyan_1-сжатый.pdf','/storage/media/Otzyv_Tarloyan_1-сжатый.pdf',NULL,'2020-07-04 18:54:18','2020-07-04 19:11:16'),(23,10,4,'video','/var/www/speakland/public/storage/media/897-statue-of-lenin-in-chernobyl-ukraine (1).mp4','/storage/media/897-statue-of-lenin-in-chernobyl-ukraine (1).mp4',NULL,'2020-07-04 18:59:06','2020-07-04 19:11:16'),(24,10,2,'audio','/var/www/speakland/public/storage/media/Reveille_Loud-6f5f3c25-9bdf-385c-afe7-136595471ea2.mp3','/storage/media/Reveille_Loud-6f5f3c25-9bdf-385c-afe7-136595471ea2.mp3',NULL,'2020-07-04 18:59:27','2020-07-04 19:11:16'),(25,18,8,'image','/var/www/speakland/public/storage/media/IMG_6331.JPG','/storage/media/IMG_6331.JPG',NULL,'2020-07-04 19:09:29','2020-07-05 21:37:09'),(26,10,6,'image','/var/www/speakland/public/storage/media/IMG_6330.JPG','/storage/media/IMG_6330.JPG',NULL,'2020-07-04 19:11:16','2020-07-04 19:11:16'),(27,18,3,'text',NULL,NULL,'nivht','2020-07-04 19:26:18','2020-07-05 21:37:09'),(28,19,1,'text',NULL,NULL,'Приветствуем вас в программе Speak Land - единственной в мире онлайн-платформы для изучения английского языка на уровне родного по методу внешней разведки! Вас ждет масса всего интересного и скорее всего вам уже не терпится приступить к изучению...','2020-07-28 10:08:41','2020-07-28 17:30:22'),(29,20,1,'text',NULL,NULL,'Ловите кайф от каждой миссии!','2020-07-28 11:13:04','2020-07-28 11:13:04'),(30,21,1,'text',NULL,NULL,'Главная страница','2020-07-28 11:20:57','2020-07-28 11:20:57'),(31,22,1,'text',NULL,NULL,'Верхнее меню','2020-07-28 11:21:54','2020-07-28 11:21:54'),(32,23,3,'text',NULL,NULL,'Структура миссий','2020-07-28 11:22:47','2020-07-28 11:22:47'),(33,24,1,'text',NULL,NULL,'Левое меню и личные настройки','2020-07-28 11:23:52','2020-07-28 11:23:52'),(34,25,1,'text',NULL,NULL,'Добавление в избранное','2020-07-28 11:25:28','2020-07-28 11:25:28'),(35,26,1,'text',NULL,NULL,'Розыгрыши!','2020-07-28 11:29:04','2020-07-28 11:29:04'),(36,27,1,'text',NULL,NULL,'Акции и розыгрыши','2020-07-28 11:30:00','2020-07-28 11:30:00'),(37,28,1,'text',NULL,NULL,'Техническая поддержка','2020-07-28 11:30:48','2020-07-28 11:30:48'),(45,36,1,'text',NULL,NULL,'Reading and Effective Speaking','2020-07-28 11:45:56','2020-07-28 11:45:56'),(46,37,1,'text',NULL,NULL,'Программируемые задания','2020-07-28 11:46:55','2020-07-28 11:46:55'),(47,38,1,'text',NULL,NULL,'Письменные задания','2020-07-28 11:47:32','2020-07-28 11:47:32'),(48,39,1,'text',NULL,NULL,'Tests Tests','2020-07-28 11:48:06','2020-07-28 17:27:47'),(49,40,1,'text',NULL,NULL,'Как получать максимум пользы от обучения?','2020-07-28 11:57:45','2020-07-28 11:57:45'),(51,42,1,'video',NULL,'/storage/media/',NULL,'2020-07-28 13:36:28','2020-07-28 13:36:28'),(52,43,1,'video',NULL,'/storage/media/',NULL,'2020-07-28 13:37:00','2020-07-28 13:37:00'),(53,44,132,'video',NULL,'/storage/media/',NULL,'2020-07-28 13:38:50','2020-07-28 13:38:50'),(54,49,132,'video','/var/www/speakland/public/storage/media/1595950862_887-1080.MOV','/storage/media/1595950862_887-1080.MOV',NULL,'2020-07-28 13:41:02','2020-07-28 13:41:02'),(55,50,1,'video','/var/www/speakland/public/storage/media/1-1_1080.mp4','/storage/media/1-1_1080.mp4',NULL,'2020-07-28 14:09:53','2020-07-28 14:09:53'),(56,51,2,'video','/var/www/speakland/public/storage/media/1595953333_1-11_1080.mp4','/storage/media/1595953333_1-11_1080.mp4',NULL,'2020-07-28 14:22:13','2020-07-28 14:22:13'),(57,52,2,'video','/var/www/speakland/public/storage/media/1595953487_1-11_1080.mp4','/storage/media/1595953487_1-11_1080.mp4',NULL,'2020-07-28 14:24:47','2020-07-28 14:24:47'),(58,56,2,'video','/var/www/speakland/public/storage/media/1-11_1080.mp4','/storage/media/1-11_1080.mp4',NULL,'2020-07-28 14:27:55','2020-07-28 14:27:55'),(59,57,3,'video','/var/www/speakland/public/storage/media/4-9_1080.mp4','/storage/media/4-9_1080.mp4',NULL,'2020-07-28 14:28:39','2020-07-28 14:28:39'),(60,58,2,'text',NULL,NULL,'124124','2020-07-28 14:38:25','2020-07-28 14:38:47'),(61,41,1,'video','/var/www/speakland/public/storage/media/1-1_1080.mp4','/storage/media/1-1_1080.mp4',NULL,'2020-07-28 14:48:02','2020-07-28 14:48:02'),(62,59,1,'video','/var/www/speakland/public/storage/media/1-2_1080.mp4','/storage/media/1-2_1080.mp4',NULL,'2020-07-28 15:00:06','2020-07-28 15:09:20'),(64,60,1,'video','/var/www/speakland/public/storage/media/1-3_1080.mp4','/storage/media/1-3_1080.mp4',NULL,'2020-07-28 15:13:59','2020-07-28 15:13:59'),(65,61,1,'video','/var/www/speakland/public/storage/media/1-4_1080.mp4','/storage/media/1-4_1080.mp4',NULL,'2020-07-28 15:15:14','2020-07-28 15:15:14'),(66,62,1,'video','/var/www/speakland/public/storage/media/1-5_1080.mp4','/storage/media/1-5_1080.mp4',NULL,'2020-07-28 15:20:46','2020-07-28 15:20:46'),(67,63,1,'video','/var/www/speakland/public/storage/media/1-6_1080.mp4','/storage/media/1-6_1080.mp4',NULL,'2020-07-28 15:43:37','2020-07-28 15:43:37'),(68,64,1,'video','/var/www/speakland/public/storage/media/1-7_1080.mp4','/storage/media/1-7_1080.mp4',NULL,'2020-07-28 15:47:02','2020-07-28 15:47:02'),(69,65,1,'video','/var/www/speakland/public/storage/media/1-8_1080.mp4','/storage/media/1-8_1080.mp4',NULL,'2020-07-28 15:48:53','2020-07-28 15:48:53'),(70,66,1,'video','/var/www/speakland/public/storage/media/1-9_1080.mp4','/storage/media/1-9_1080.mp4',NULL,'2020-07-28 15:50:09','2020-07-28 15:50:09'),(71,67,10,'video','/var/www/speakland/public/storage/media/1-10_1080.mp4','/storage/media/1-10_1080.mp4',NULL,'2020-07-28 15:51:13','2020-07-28 15:51:13'),(72,68,1,'video','/var/www/speakland/public/storage/media/1-11_1080.mp4','/storage/media/1-11_1080.mp4',NULL,'2020-07-28 15:52:56','2020-07-28 15:52:56'),(73,69,1,'video','/var/www/speakland/public/storage/media/1-12_1080.mp4','/storage/media/1-12_1080.mp4',NULL,'2020-07-28 15:54:10','2020-07-28 15:54:10'),(76,30,1,'text',NULL,NULL,'В этом разделе вас ждут уроки, в которых мы шаг за шагом будем формировать ваши произносительные навыки, ставить и шлифовать новые звуки и интонационные модели.\r\nВы научитесь звучать красиво – и одновременно разовьёте фонетический слух (наша методика одновременно решает обе задачи). Тем самым вы заложите прочный фундамент для дальнейшего развития навыков восприятия английской речи на слух. Вы же хотите понимать фильмы и песни в оригинале? ;)\r\nВажно в точности выполнять все инструкции ведущих. Наша методика предполагает пошаговую схему формирования навыков, поэтому последовательность ваших действий имеет решающее значение.\r\nВсе звуки нужно произносить только ВСЛУХ (вроде бы очевидная истина…) и громко, уверенно!','2020-07-28 17:53:22','2020-07-28 17:53:22'),(77,31,1,'text',NULL,NULL,'В этом разделе мы расскажем вам о правилах чтения английских букв и буквосочетаний, и на специальных упражнениях отработаем беглое, интуитивное чтение даже незнакомых слов. Вы сможете читать не задумываясь, бессознательно “угадывая” правильное чтение любого слова!\r\nЗдесь мы также отрабатываем беглость и скорость чтения английских фраз. Этот навык позволит вам в будущем не “спотыкаться” при чтении и фокусировать внимание только на смысле текста…\r\nКак и при постановке произношения, очень важно четко следовать инструкциям ведущих – все шаги неслучайны и, выполненные последовательно, ведут к формированию устойчивых навыков чтения.\r\nВ конце этого раздела вас ждёт проверочное задание: вам предстоит бегло читать совершенно незнакомые слова – опираясь исключительно на свою интуицию (которую мы и формируем в предыдущих заданиях).\r\nВ этом задании порядок действий немного меняется: сперва читаете вы, затем диктор. Иными словами, вы читаете и проверяете себя. После ключа диктора необходимо ОБЯЗАТЕЛЬНО повторить этот ключ, независимо от того, правильно вы прочли слово или нет.','2020-07-28 17:55:15','2020-07-28 17:55:15'),(78,32,1,'text',NULL,NULL,'В этом разделе вас ждут аудио-алгоритмы, которые позволяют запомнить слово на уровне носителя языка!\r\nАлгоритмы представляют собой специальные фразы, которые формируют искусственный контекст для новых слов, и поэтому ваше первое (самое важное!) восприятие слова произойдёт с опорой не на перевод (что в дальнейшем сильно замедляет речь), а на образ. Этот образ будет сам всплывать в вашем воображении…\r\nХотя каждый аудио-файл будет снабжён pdf-разработкой, очень советуем вам смотреть в нее ТОЛЬКО в том случае, если смысл слова из алгоритма вам непонятен. В большинстве случаев желательно пользоваться только аудио-файлом.\r\nКаждый алгоритм состоит из двух частей – вводной и основной.\r\nВ вводной части вы будете слышать только слова. Эту часть желательно прослушивать на ночь, накануне дня, когда вы планируете изучать слова.\r\nПросто вслушивайтесь в слова, старайтесь услышать все нюансы их произношения. Старайтесь как бы “впечатать” звуковой образ каждого слова в свою память. Ничего произносить на этом этапе не надо.\r\nМожно прослушать эту часть алгоритма несколько раз подряд. Кстати, это помогает успокоиться на ночь и быстрее заснуть :)\r\nВ основной части алгоритма вы услышите эти же слова, но в составе фраз на русском языке, которые, собственно, и формируют контекст.  Мы немало повеселились, составляя для вас эти фразы. Ведь юмор вызывает эмоции, которые очень способствуют запоминанию!\r\nЭту часть алгоритма желательно прорабатывать на следующий день после прослушивания вводной части. Звуковые образы слов уже отложились в вашем сознании, пора наложить на них, как говорят методисты, “визуальный ряд”.\r\nТут все как при монтаже профессионального видео, только… в воображении. Создаём картинку – и накладываем на неё озвучку, которую создали вечером накануне.\r\nЧто нужно делать при прослушивании?\r\nПросто представлять себе ситуацию, которая описывается в предложении. Или в которой вы могли бы эту фразу сказать в жизни. \r\nНе надо про себя переводить слово!\r\nСтарайтесь только ощутить его смысл (сигнификат). Интуитивно, образно. Английское слово мягко вплетается в русскую фразу – вот и старайтесь ощутить, что английское слово равнозначно русскому. Тогда оно станет для вас таким же “тёплым”, родным, как и русское.\r\nМожно при прослушивании алгоритма произносить английское слово «про себя».\r\nЕсли вы правильно работаете с алгоритмом, для вас не будет разницы, на каком языке звучит слово. Таким образом мы осваиваем новые слова на уровне родного языка, беспереводно.\r\nЭто позволит вам в дальнейшем вспоминать слово мгновенно – точно так же, как вы, не задумываясь, вспоминаете слова на родном языке. И вам будет в сущности все равно, какое слово использовать в речи – русское или английское. Именно так владеют языком билингвы!\r\nВнимание! Это не должно быть пассивное (механическое) слушание. Аудио само по себе не способно “внедрить” слова в вашу память. Оно – лишь инструмент. Чтобы был результат, вам нужно немного напрячь своё воображение – в этом весь секрет. Воображение должно работать на полную катушку!\r\nОсновную часть алгоритма можно (и даже желательно) прослушивать несколько раз. Но без фанатизма, пожалуйста – три раза максимум. Мы с этими словами будем работать ещё много на разных этапах – пока они не выйдут “на автомат”. Так что положитесь на нас и… двигайтесь вперёд! ;)','2020-07-28 17:59:29','2020-07-28 17:59:29'),(79,33,1,'text',NULL,NULL,'В этом разделе мы изучаем новую грамматику. Но, опять же, необычным образом.\r\nДля нас главное – не правила. Правила – это чистая теория, абстракция. Дети обучаются правильно говорить, не зная никаких правил.\r\nКаков же естественный алгоритм усвоения грамматики детьми?\r\nДети слышат речь своих родителей и стремятся повторять определенные “образцы”.\r\nТакие образцы называются “динамическими связками”.\r\nИменно эти стереотипы мы с вами и формируем, давая вам грамматику на специальных МИКРО-МОДЕЛЯХ.\r\nМы вводим эти модели тоже по особой схеме (сперва на слух и лишь позже подключая зрительное подкрепление). Это естественный алгоритм усвоения модели детьми. Поэтому четко следуйте инструкциям ведущих программы.\r\nКак обычно, все произносите ВСЛУХ и ГРОМКО, УВЕРЕННО. Будьте хорошими детишками :)\r\nПри обучении моделям мы используем очень важный принцип Интенсификации Обучения – одновременно (в самих моделях) повторяем новые звуки, правила чтения и слова. Все сразу – закрепляя все это снова и снова. Такова суть армейской системы обучения языкам.\r\nПоэтому при отработке грамматики не забывайте о произношении (это типичная ошибка!) Помните о нем всегда. Все, что вы произносите, должно звучать четко и красиво, очень уверенно!\r\nТогда ваш общий прогресс будет намного более быстрым, чем в традиционных методах.\r\nПосле первичного введения модели следуют упражнения на их закрепление. Все упражнения в нашей системе – коммуникативные (не механические). То есть они содержат описание ситуации общения и коммуникативную цель – как в жизни. Это очень важный принцип, который формирует “позитивный перенос” освоенных навыков в реальное общение.\r\nПредставляйте себе предлагаемую ситуацию, говорите естественно, стараясь представить, что вы реально общаетесь с нашими друзьями из Англии. Тогда при живых контактах с носителями этот навык не забудется и сработает автоматически. Вы сможете говорить уверенно и без запинок, без страха. Очень важный момент!\r\nВ нашей программе мы используем принципы Автоматизированной системы обучения (АСО), иными словами, вместо преподавателя у вас всегда будут “ключи”, то есть правильный ответ диктора.\r\nОбязательно повторяйте ключ вслух, даже если ваш ответ был правильным!\r\nВ этом случае вы не будете допускать ошибок, и никакая коррекция со стороны преподавателя не потребуется. Вы будете говорить правильно всегда!','2020-07-28 18:08:48','2020-07-28 18:08:48'),(80,34,1,'text',NULL,NULL,'В этом разделе вас ждёт уникальная разработка в методике спецслужб, позволяющая очень быстро и надежно АКТИВИЗИРОВАТЬ пройденный материал.\r\nВажно понимать, что в сеансах Ритмопедии, следуя принципу интенсификации обучения, одновременно отрабатывается пройденные в этом и предыдущих (!) Миссиях слова и грамматические модели. Таким образом идет постоянное повторение изученного ранее, и весь материал доводится до автоматизма.\r\nСеансы Ритмопедии представляют собой скоростной перевод с русского языка на английский. Но это не дословный перевод, характерный для речи учеников. Здесь вы будете не столько “переводить”, сколько ВСПОМИНАТЬ, как эту фразу следует сказать по-английски. Не возникнет дословного перевода, вы будете говорить по правилам английского языка.\r\nРитмопедия состоит из сеансов двух типов – пассивного и активного.\r\nВ пассивной фазе вы будете просто слушать английские фразы с переводом на русский язык на фоне специально написанной для нашего курса музыкой. Эта музыка особенная – она написана под особый ритм, который, как показали исследования, активизирует альфа-ритмы в правом (образном) полушарии головного мозга. Именно в нем, правом полушарии, таятся главные ресурсы нашей памяти…\r\nОтноситесь к “пассивным” сеансам как к возможности отдохнуть, расслабиться, послушать приятную музыку… Не пытайтесь что-то специально запоминать. Просто слушайте музыку. Ваш настрой на отдых и удовольствие имеет решающее значение. Такой настрой называется “концертным”, и именно он создаёт условие для быстрого и глубокого запоминания материала.\r\nИтак, заварите себе чашку чая, приглушите свет в комнате (зашторьте окна), примите удобную позу и наслаждайтесь музыкой. При этом смотрите на экран, где вы будете видеть пульсирующие в специальном ритме фигуры, которые тоже играют большую роль. Весь секрет – в сочетании музыки, ритма и зрительных образов.\r\n“Пассивный” сеанс, при желании, можно прослушивать несколько раз. Особенно эффективно делать это незадолго перед отходом ко сну, но этот совет не является жестким. Вы можете слушать эти сеансы в любое удобное время.\r\nПроработав пассивную часть сеанса, вы можете сразу или позже приступить к проработке активной (закрепляющей) фазы.\r\nЗдесь уже требуется не расслабленность, а максимальная активность и концентрация! Взбодритесь, можете даже выполнять эту часть стоя или двигаясь по комнате.\r\nМузыка в активных сеансах будет другой, с другим ритмом, гораздо более активным. Эффективность этого ритма также проверена научно.\r\nВ активной фазе вы будете получать подсказку на русском языке и после этого ВСПОМИНАТЬ, как звучала эта фраза в пассивной части. Как видите, никакого перевода здесь нет, лишь вспоминание. Старайтесь вспомнить фразу как можно точнее и во время паузы произнести ее ГРОМКО ВСЛУХ. Не забывайте про произношение!\r\nПосле вашего ответа прозвучит “ключ” (правильный вариант). Обязательно повторите ключ вслух (даже если ваш собственный ответ был верным), это важно.\r\nВам следует прорабатывать таким образом каждый активный сеанс до тех пор, пока не будет ни одной ошибки.','2020-07-28 18:18:29','2020-07-28 18:18:29'),(81,35,1,'text',NULL,NULL,'В этом разделе мы одновременно работаем над развитием навыка понимания английской речи на слух и проверяем, как у вас это получается.\r\nВы будете слушать отдельные, очень похожие по звучанию слова, и вам надо будет научиться четко различать их на слух.\r\nИногда разница будет всего в одном звуке (звонкий или глухой согласный в конце слова; долгая или краткая гласная). Умение слышать такие тонкости очень разовьет ваш фонетический слух и поможет в будущем четко понимать звучащую речь. Ведь в английском языке, например, долгота гласного полностью меняет смысл слова!\r\nВы также будете слушать отдельные предложения (на начальном этапе) и целые рассказы – и учиться понимать их только на слух. Будут у нас и звуковые диктанты, где вам надо будет записать рассказ со слуха. Все эти упражнения активно используются в методике спецслужб.\r\nВ этом же шаге вы найдете pdf с “ключами”. Однако помните, что смотреть в “Ключ” можно только после выполнения задания! Подглядывая в ключ, вы лишаете себя возможности развить навык аудирования. Весь смысл в том, чтобы постараться выполнить все задания НА СЛУХ.','2020-07-28 18:21:20','2020-07-28 18:21:20'),(82,70,1,'video','/var/www/speakland/public/storage/media/2-1_1080.mp4','/storage/media/2-1_1080.mp4',NULL,'2020-07-28 22:34:58','2020-07-28 22:34:58'),(83,71,1,'video','/var/www/speakland/public/storage/media/2-2_1080.mp4','/storage/media/2-2_1080.mp4',NULL,'2020-07-28 22:39:04','2020-07-28 22:39:04'),(84,72,1,'video','/var/www/speakland/public/storage/media/2-3_1080.mp4','/storage/media/2-3_1080.mp4',NULL,'2020-07-28 22:41:37','2020-07-28 22:41:37'),(85,73,1,'video','/var/www/speakland/public/storage/media/2-4_1080.mp4','/storage/media/2-4_1080.mp4',NULL,'2020-07-28 22:43:11','2020-07-28 22:43:11'),(86,74,1,'video','/var/www/speakland/public/storage/media/2-5_1080.mp4','/storage/media/2-5_1080.mp4',NULL,'2020-07-28 22:43:56','2020-07-28 22:43:56'),(87,75,1,'video','/var/www/speakland/public/storage/media/2-6_1080.mp4','/storage/media/2-6_1080.mp4',NULL,'2020-07-28 22:47:08','2020-07-28 22:47:08'),(88,76,1,'video','/var/www/speakland/public/storage/media/2-7_1080.mp4','/storage/media/2-7_1080.mp4',NULL,'2020-07-28 22:47:53','2020-07-28 22:47:53'),(89,77,2,'video','/var/www/speakland/public/storage/media/2-8_1080.mp4','/storage/media/2-8_1080.mp4',NULL,'2020-07-28 22:49:18','2020-07-28 22:59:02'),(90,78,1,'text',NULL,NULL,'Письменное задание (i:, e, i , ai)\r\n1. Выпишите в отдельные колонки слова со звуками [ i:, e, i , ai ]\r\n\r\nlend, seen, beef, mine, send, ebb, five, did, vine, mete, pep, bid, meet, pit, me, fine, seem, see, sent, life, spell, tie\r\n\r\n2. Прочитайте эти слова вслух – прямо по колонкам\r\n\r\n3. Включите видео и проверьте себя, повторяя за диктором правильный вариант.','2020-07-28 22:50:42','2020-07-28 22:50:42'),(91,78,2,'video','/var/www/speakland/public/storage/media/2-10_1080.mp4','/storage/media/2-10_1080.mp4',NULL,'2020-07-28 22:50:42','2020-07-28 22:50:42'),(92,29,1,'text',NULL,NULL,'Материалы, которые вы видите в Платформе – это учебные Миссии.\r\nКаждая Миссия ведет к достижению определенного результата. Этот результат указывается в начале Миссии.\r\nКак мы достигаем нужного результата? Совершая последовательные «шаги» и ставя “галочку” после их завершения.\r\nЗанимайтесь в том темпе, который вам комфортен. Мы сознательно при составлении Программы использовали принцип «квантования» материала, то есть деления его на мельчайшие «кванты» (шаги) – чтобы не перегружать вашу память лишним и чтобы вы могли заниматься языком даже во время небольших перерывов.\r\nНет никакой необходимости устраивать себе специальные «занятия» по полтора часа. Один шаг занимает в среднем 5-6 минут, и вы можете выполнять эти шаги в любую свободную минутку… несколько раз в день. Удобно, не правда ли?\r\nНе стремитесь к тому, чтобы завершить Миссию как можно скорей, поставив везде «галочки». Галочки – не самоцель. Это будет чисто формальный подход к обучению. Примерно то же самое, как если бы вы ходили в очную языковую школу, но не занимались, а лишь просили отметить ваше посещение в журнале преподавателя. Обмануть тут можно только самого себя…\r\nГлавное – КАЧЕСТВО! Поэтому обязательно добивайтесь безошибочного выполнения каждого шага – и только после этого переходите к следующему. Если в каком-то шаге вы еще делаете ошибки или не укладываетесь в паузы, то не отмечайте этот шаг как пройденный, пройдите его еще раз в следующий свободный момент.\r\nВ идеале КАЖДЫЙ шаг желательно пройти хотя бы дважды. При обучении разведчиков подобные материалы изучаются на занятии, задаются для отработки на дом и потом проверяются на следующем занятии. Получается ТРИ повторения. Учитывайте это, пожалуйста.\r\nНаша программа уходит корнями в систему обучения офицеров спецслужб, и одним из секретов её успеха была военная дисциплина. Мы также считаем, что это очень важно для программы профессионального уровня. Но мы подошли к дисциплине иначе – задействовав современные технические возможности.\r\nВот что мы имеем в виду:\r\n1. Каждый «шаг» имеет таймер времени, раньше  которого вы не можете перейти к следующему шагу. Как правило, время на прохождение «шага» равно длительности видео. Таким образом, мы не даём возможности «торопыгам» проходить материал поспешно, без изучения видео-урока.\r\n2. Возможность изучать каждый «шаг» появляется только после прохождения предыдущего. То есть после того, как вы нажали на кнопку «Изучено». Не получится «перепрыгивать» через «шаги».\r\n3. Переход к следующей Миссии возможен только после успешного прохождения итогового теста (Final Quiz). Даже если в кабинете появилась новая Миссия, вам надо сперва закончить предыдущую. Наша система настроена таким образом, что, не сдав итоговый тест по одной Миссии, нельзя увидеть содержание следующей. Мы не хотим никакой халтуры и очень заинтересованы в том, чтобы вы стремились не к скорости, а к качеству!\r\n4. У вас будет всего 5 попыток для прохождения итогового теста. Вам надо правильно ответить на 80% вопросов.\r\n5. МЕТОДИКА – это главное. В ней – весь секрет нашей Программы, вся эффективность. Эта методика абсолютно уникальна. И она настолько продумана и научно обоснована в каждой детали, что решающее значение имеет точное выполнение инструкций. Это система армейская. Поэтому «методическая» самодеятельность здесь не приветствуется :)\r\nВ нашей Системе для формирования автоматизмов крайне важно проходить “шаги” в том порядке, в котором они даются. Методика четко продумана и следует по принципу “от простого к сложному”, “от известного к неизвестному”. Иными словами, новые навыки формируются на основе предыдущих, “накладываются” на них. Только так формируется СИСТЕМА языка в вашем сознании.\r\nУчебная Миссия разделена на разделы (Sections), каждый из которых посвящён отработке какого-то аспекта языка (произношения, лексики, грамматики и т.д.).\r\nНиже вы изучите методику прохождения каждого раздела. Вообще в сами шаги нашей Программы (и в видео) уже “встроена” методика, и можно было бы не грузить вас теорией. Тем не менее, мы по опыту знаем, что некоторые люди умудряются неправильно делать упражнения, несмотря на указания ведущих. Поэтому решили дать дополнительные объяснения.\r\nПри этом нет необходимости сейчас серьезно разбираться с методикой. Гораздо важнее поскорее приступить собственно к изучению языка. Поэтому советуем вам сейчас лишь бегло пробежаться по методике (буквально за 15 минут) – и скорее открывать Миссию 01!\r\nА потом перед изучением того или иного раздела Миссии просто забегайте в раздел “Методика” этого Гида и читайте именно про то, к чему приступаете. Так вы не перегрузите себя сложной информацией. Делайте так до тех пор, пока не разберетесь как следует с тем, что, как и почему делаете в нашей Программе.','2020-07-28 22:54:15','2020-07-28 22:54:15'),(93,77,1,'text',NULL,NULL,'Внимание! Сейчас вы будете делать контрольное задание – чтобы проверить, сформировались ли у вас навыки интуитивного чтения.\r\n\r\nВажный момент: во время упражнения сперва читаете слово ВЫ, а затем диктор (а не наоборот, как было до этого). Так вы и будете себя проверять! Начинаем?','2020-07-28 22:57:13','2020-07-28 22:59:02'),(94,77,3,'text',NULL,NULL,'Внимание! Если у вас были ошибки, проработайте это видео еще раз. Переходите к следующему шагу, только когда у вас не будет НИ ОДНОЙ ошибки!','2020-07-28 22:59:02','2020-07-28 22:59:02'),(95,79,1,'text',NULL,NULL,'Прослушайте эту часть несколько раз на ночь, накануне изучения новых слов (они будут в следующем аудио).\r\nПросто ВСЛУШИВАЙТЕСЬ в звучание слов… как в музыку…','2020-07-28 23:09:02','2020-07-28 23:09:02'),(96,79,2,'audio','/var/www/speakland/public/storage/media/3-1.mp3','/storage/media/3-1.mp3',NULL,'2020-07-28 23:09:02','2020-07-28 23:09:02'),(97,80,1,'text',NULL,NULL,'Теперь вы готовы наложить на звуковые образы, которые сформировались у вас вчера перед сном, смысловую составляющую (сигнификат). Займемся программированием своей памяти!\r\n\r\nПросто слушайте алгоритм, ничего не произнося вслух. Однако активно ПРЕДСТАВЛЯЙТЕ себе ситуацию. Это интересно. И развивает воображение. Попробуйте. Можете английское слово повторять про себя.','2020-07-28 23:18:28','2020-07-28 23:18:28'),(98,80,2,'audio','/var/www/speakland/public/storage/media/3-2.mp3','/storage/media/3-2.mp3',NULL,'2020-07-28 23:18:28','2020-07-28 23:18:28'),(99,81,1,'text',NULL,NULL,'Пора произвести первичное закрепление новых слов. В нашей Системе мы закрепляем слова НАМНОГО больше, чем в других методах. Наша задача – добиться того, чтобы слова воспринимались настолько естественно, как будто они родные. Это обязательное требование при подготовке разведчиков.\r\n\r\nПоэтому не удивляйтесь обилию упражнений, в которых снова и снова “крутятся” все те же слова – так надо. И будьте уверены, что после НАШЕЙ Системы вы не забудете проработанные слова НИКОГДА!\r\n\r\nИтак, продолжаем!\r\n\r\nСкачайте файл со словарем. Можете его распечатать или читать с экрана.','2020-07-28 23:23:05','2020-07-28 23:23:05'),(100,81,2,'pdf','/var/www/speakland/public/storage/media/Step 3.pdf','/storage/media/Step 3.pdf',NULL,'2020-07-28 23:23:05','2020-07-28 23:23:05'),(101,81,3,'text',NULL,NULL,'Прочитайте все слова и выражения за диктором:','2020-07-28 23:23:05','2020-07-28 23:23:05'),(102,81,4,'audio','/var/www/speakland/public/storage/media/3-3.mp3','/storage/media/3-3.mp3',NULL,'2020-07-28 23:23:05','2020-07-28 23:23:05'),(103,81,5,'text',NULL,NULL,'В методике спецслужб мы изучаем язык, все время сравнивая его с родным, выявляя, где англичане выражают ту же мысль иначе.\r\n\r\nПоэтому сейчас внимательно СРАВНИТЕ левый и правый столбик. Обратите внимание на все места, в которых русскоязычные обычно допускают ошибки. Случаи несовпадения в двух языках мы подчеркиваем в обоих столбиках, а наиболее коварные явления выделяем рамкой.\r\n\r\nУяснили различия? Следите за этими моментами особенно!\r\n\r\nРаботайте в следующем порядке:\r\n\r\n1. Закройте правую колонку листом бумаги. Прочтите все английские слова и примеры на них. Если вдруг что-то не понятно, смотрите перевод справа.\r\n\r\n2. Закройте бумагой левую колонку. Читайте про себя русское слово или фразу – представляйте себе это слово или ситуацию (!!!) – вслух называйте английское слово или фразу. Проверяйте себя, приоткрыв левую колонку. Внимание! Между русским словом и английским ОБЯЗАТЕЛЬНО должен быть образ! Не ленитесь, пожалуйста. Это очень важно. Избегайте механического перевода с русского языка на английский.\r\n\r\n3. Если в ходе этой работы были ошибки, сразу же повторите шаг 2. Если опять были ошибки – сделайте это еще раз. Иными словами, вы можете уйти на отдых, только когда не будет ошибок :)\r\n\r\n4. Через 15 минут повторите шаг 2 – уже без представления слов. Это представление уже будет происходить автоматически, хотя может быть незаметным для вас.\r\n\r\n5. Повторите шаг 2 через 8 часов (лучше сегодня же) – быстро и без представления.\r\n\r\n6. Повторите шаг 2 через 24 часа после шага 5, то есть на следующий день. Опять же быстро и без представления сигнификата. Английские слова и фразы обязательно произносите вслух, следя за произношением.\r\n\r\nПрогрессивная шкала повторений (шкала Эббингауза) позволяет добиться прочного запоминания слов даже у тех, кто не может похвастаться хорошей памятью.','2020-07-28 23:23:05','2020-07-28 23:23:05'),(104,82,1,'text',NULL,NULL,'Теперь можно проверить себя!','2020-07-28 23:26:27','2020-07-28 23:27:24'),(105,82,2,'video','/var/www/speakland/public/storage/media/3-4_1080.mp4','/storage/media/3-4_1080.mp4',NULL,'2020-07-28 23:26:27','2020-07-28 23:27:24'),(106,83,1,'video','/var/www/speakland/public/storage/media/4-1_1080.mp4','/storage/media/4-1_1080.mp4',NULL,'2020-07-28 23:34:50','2020-07-28 23:38:26'),(107,84,1,'video','/var/www/speakland/public/storage/media/4-2_1080.mp4','/storage/media/4-2_1080.mp4',NULL,'2020-07-28 23:36:17','2020-07-28 23:36:17'),(109,85,1,'video','/var/www/speakland/public/storage/media/4-3_1080.mp4','/storage/media/4-3_1080.mp4',NULL,'2020-07-28 23:40:15','2020-07-28 23:40:15'),(110,86,1,'video','/var/www/speakland/public/storage/media/4-4_1080.mp4','/storage/media/4-4_1080.mp4',NULL,'2020-07-28 23:42:07','2020-07-28 23:42:18'),(111,87,1,'video','/var/www/speakland/public/storage/media/4-5_1080.mp4','/storage/media/4-5_1080.mp4',NULL,'2020-07-28 23:43:42','2020-07-28 23:43:42'),(112,88,1,'video','/var/www/speakland/public/storage/media/4-6_1080.mp4','/storage/media/4-6_1080.mp4',NULL,'2020-07-28 23:45:28','2020-07-28 23:45:28'),(113,89,1,'video','/var/www/speakland/public/storage/media/4-7_1080.mp4','/storage/media/4-7_1080.mp4',NULL,'2020-07-28 23:47:26','2020-07-28 23:47:26'),(114,90,1,'video','/var/www/speakland/public/storage/media/4-8_1080.mp4','/storage/media/4-8_1080.mp4',NULL,'2020-07-28 23:48:37','2020-07-28 23:48:37'),(115,91,1,'video','/var/www/speakland/public/storage/media/4-9_1080.mp4','/storage/media/4-9_1080.mp4',NULL,'2020-07-28 23:49:38','2020-07-28 23:49:38'),(116,92,1,'video','/var/www/speakland/public/storage/media/4-10_1080.mp4','/storage/media/4-10_1080.mp4',NULL,'2020-07-28 23:51:07','2020-07-28 23:51:07'),(117,93,1,'text',NULL,NULL,'Давайте подготовимся к Grammar Quiz. Переведите фразы на английский язык во время паузы, затем прослушайте правильный ответ и обязательно повторите его.','2020-07-28 23:59:18','2020-07-29 00:17:12'),(118,93,2,'audio','/var/www/speakland/public/storage/media/5-1.mp3','/storage/media/5-1.mp3',NULL,'2020-07-28 23:59:18','2020-07-29 00:17:12'),(119,94,1,'text',NULL,NULL,'Переведите письменно на английский язык. После этого проверьте себя по ключу в pdf. Если были ошибки, проанализируйте их и затем перепишите предложения, в которых были ошибки.\r\n\r\n    (а) 1. Я вижу Бена. Бен болен. 2. Я вижу Бесс. Бесс здорова. 3. Я вижу Пита. Пит здоров. 4. Я вижу Еву. Ева больна.\r\n\r\n    (б) 1. Я вижу Теда. Теду пять лет. 2. Я вижу Еву. Еве десять лет. 3. Я вижу Бесс. Бесс семь лет. 4. Я вижу Бена. Бену девять лет.\r\n\r\n    (в) 1. Я скучаю по Бесс. Бесс в Минске. 2. Я скучаю по Теду. Тед в Кенте. 3. Я скучаю по Питу. Пит в Клину.\r\n\r\n    (г) 1. Давайте навестим Теда. Я скучаю по Теду. 2. Давайте повидаем Бесс. Я скучаю по Бесс. 3. Давайте скажем Биллу. 4. Давайте произнесем по буквам «ten». 5. Давайте встретим Еву. 6. Давайте назовем по буквам «seven». 7. Давайте пошлем Теда. 8. Давайте навестим Бена. Я скучаю по Бену. Бен в Кенте.','2020-07-29 00:01:01','2020-07-29 00:01:14'),(120,94,2,'pdf','/var/www/speakland/public/storage/media/1595988061_Step 2.pdf','/storage/media/1595988061_Step 2.pdf',NULL,'2020-07-29 00:01:01','2020-07-29 00:01:14'),(121,95,1,'text',NULL,NULL,'Просмотрите сеанс Ритмопедии. Каждому человеку требуется свое количество просмотров. В среднем 1-3 раза (с перерывами, конечно). Если английские слова и фразы начнут сами всплывать в памяти в течение дня, значит правое полушарие мозга активизировалось.','2020-07-29 00:05:15','2020-07-29 00:05:15'),(122,95,2,'video','/var/www/speakland/public/storage/media/6-1_1080.mp4','/storage/media/6-1_1080.mp4',NULL,'2020-07-29 00:05:15','2020-07-29 00:05:15'),(123,96,1,'audio','/var/www/speakland/public/storage/media/6-2.mp3','/storage/media/6-2.mp3',NULL,'2020-07-29 00:06:15','2020-07-29 00:06:15'),(124,97,1,'text',NULL,NULL,'Чтобы правильно понимать английскую речь, нам нужно четко разделять похожие слова. Для этого надо настроить свое ухо на восприятие даже мелких нюансов звучания.\r\n\r\nИменно такой “настройкой” мы сейчас и займемся.\r\n\r\n1. Приготовьте ручку и бумагу. Слушайте аудио, не нажимая на паузу. Услышав слово, сразу повторите его вслух и напишите в транскрипции. Проделайте то же самое со следующим словом и т.д. – до конца аудио.','2020-07-29 00:10:22','2020-07-29 00:10:22'),(125,97,2,'audio','/var/www/speakland/public/storage/media/7-1.mp3','/storage/media/7-1.mp3',NULL,'2020-07-29 00:10:22','2020-07-29 00:10:22'),(126,97,3,'text',NULL,NULL,'2. Скачайте PDF файл и проверьте себя по ключу. Прослушайте аудио еще раз, чтобы реально УСЛЫШАТЬ правильный звук!','2020-07-29 00:10:22','2020-07-29 00:10:22'),(127,97,4,'pdf','/var/www/speakland/public/storage/media/1595988622_Step 1.pdf','/storage/media/1595988622_Step 1.pdf',NULL,'2020-07-29 00:10:22','2020-07-29 00:10:22'),(128,98,1,'text',NULL,NULL,'Расшифровка фонограммы – один из эффективнейших способов развить навык понимания английской речи на слух.\r\n\r\nРаботая с фонограммой, действуйте следующим образом:\r\n\r\n1. Слушаете первую фразу, повторяете ее вслух, нажимаете на паузу\r\n2. Записываете эту фразу\r\n3. Повторяете пп.1-2 для второй фразы и т.д.\r\n4. Закончив все задание, проверяете себя по ключу и, если необходимо, переслушиваете его еще раз.','2020-07-29 00:12:39','2020-07-29 00:12:39'),(129,98,2,'audio','/var/www/speakland/public/storage/media/7-2.mp3','/storage/media/7-2.mp3',NULL,'2020-07-29 00:12:39','2020-07-29 00:12:39'),(130,98,3,'pdf','/var/www/speakland/public/storage/media/1595988759_Step 2.pdf','/storage/media/1595988759_Step 2.pdf',NULL,'2020-07-29 00:12:39','2020-07-29 00:12:39'),(131,99,1,'video','/var/www/speakland/public/storage/media/1-1_1080.mp4','/storage/media/1-1_1080.mp4',NULL,'2020-07-29 16:39:45','2020-07-29 19:37:55'),(132,99,2,'pdf','/var/www/speakland/public/storage/media/Copy_of_Вардан_Мхитарян_NDAdocx.pdf','/storage/media/Copy_of_Вардан_Мхитарян_NDAdocx.pdf',NULL,'2020-07-29 16:39:45','2020-07-29 19:37:55'),(133,99,3,'video','/var/www/speakland/public/storage/media/1-1_1080.mp4','/storage/media/1-1_1080.mp4',NULL,'2020-07-29 19:37:55','2020-07-29 19:37:55');
/*!40000 ALTER TABLE `media` ENABLE KEYS */;
UNLOCK TABLES;

--
-- Table structure for table `migrations`
--

DROP TABLE IF EXISTS `migrations`;
/*!40101 SET @saved_cs_client     = @@character_set_client */;
/*!50503 SET character_set_client = utf8mb4 */;
CREATE TABLE `migrations` (
  `id` int unsigned NOT NULL AUTO_INCREMENT,
  `migration` varchar(255) COLLATE utf8mb4_unicode_ci NOT NULL,
  `batch` int NOT NULL,
  PRIMARY KEY (`id`)
) ENGINE=InnoDB AUTO_INCREMENT=21 DEFAULT CHARSET=utf8mb4 COLLATE=utf8mb4_unicode_ci;
/*!40101 SET character_set_client = @saved_cs_client */;

--
-- Dumping data for table `migrations`
--

LOCK TABLES `migrations` WRITE;
/*!40000 ALTER TABLE `migrations` DISABLE KEYS */;
INSERT INTO `migrations` VALUES (1,'2014_10_12_000000_create_users_table',1),(2,'2014_10_12_100000_create_password_resets_table',1),(3,'2019_08_19_000000_create_failed_jobs_table',1),(4,'2020_04_24_160506_create_settings_table',1),(5,'2020_05_28_194255_create_missions_table',1),(6,'2020_05_28_194317_create_steps_table',1),(7,'2020_05_28_194350_create_sections_table',1),(8,'2020_05_28_194416_create_safes_table',1),(9,'2020_05_28_194429_create_notifications_table',1),(10,'2020_05_28_194515_create_progress_table',1),(11,'2020_05_28_194524_create_quizzes_table',1),(12,'2020_05_28_195859_create_payments_table',1),(13,'2020_05_28_200254_create_questions_table',1),(14,'2020_05_28_200424_create_answers_table',1),(15,'2020_06_22_193335_create_media_table',2),(16,'2016_06_01_000001_create_oauth_auth_codes_table',3),(17,'2016_06_01_000002_create_oauth_access_tokens_table',3),(18,'2016_06_01_000003_create_oauth_refresh_tokens_table',3),(19,'2016_06_01_000004_create_oauth_clients_table',3),(20,'2016_06_01_000005_create_oauth_personal_access_clients_table',3);
/*!40000 ALTER TABLE `migrations` ENABLE KEYS */;
UNLOCK TABLES;

--
-- Table structure for table `missions`
--

DROP TABLE IF EXISTS `missions`;
/*!40101 SET @saved_cs_client     = @@character_set_client */;
/*!50503 SET character_set_client = utf8mb4 */;
CREATE TABLE `missions` (
  `id` bigint unsigned NOT NULL AUTO_INCREMENT,
  `title` varchar(255) COLLATE utf8mb4_unicode_ci NOT NULL,
  `order` tinyint unsigned NOT NULL,
  `description` varchar(255) COLLATE utf8mb4_unicode_ci DEFAULT NULL,
  `pass_price` tinyint unsigned DEFAULT NULL,
  `created_at` timestamp NULL DEFAULT NULL,
  `updated_at` timestamp NULL DEFAULT NULL,
  `img_url` varchar(250) COLLATE utf8mb4_unicode_ci NOT NULL,
  `img_path` varchar(250) COLLATE utf8mb4_unicode_ci NOT NULL,
  PRIMARY KEY (`id`)
) ENGINE=InnoDB AUTO_INCREMENT=22 DEFAULT CHARSET=utf8mb4 COLLATE=utf8mb4_unicode_ci;
/*!40101 SET character_set_client = @saved_cs_client */;

--
-- Dumping data for table `missions`
--

LOCK TABLES `missions` WRITE;
/*!40000 ALTER TABLE `missions` DISABLE KEYS */;
INSERT INTO `missions` VALUES (7,'Начните здесь',1,NULL,NULL,'2020-06-08 02:00:01','2020-07-28 09:07:31','/storage/img/missions/00.png','/var/www/speakland/public/storage/img/missions/00.png'),(8,'Mission 01: Application',2,NULL,NULL,'2020-06-08 02:00:11','2020-07-28 09:08:20','/storage/img/missions/01.png','/var/www/speakland/public/storage/img/missions/01.png'),(9,'Mission 02: Psychological test',3,'Description',NULL,'2020-06-13 17:40:41','2020-07-28 09:09:38','/storage/img/missions/02.png','/var/www/speakland/public/storage/img/missions/02.png'),(10,'Mission 03: Exams',4,NULL,NULL,'2020-07-28 09:19:32','2020-07-28 09:19:32','/storage/img/missions/03 exams.png','/var/www/speakland/public/storage/img/missions/03 exams.png'),(11,'Mission 04: First year',5,NULL,NULL,'2020-07-28 09:20:09','2020-07-28 09:20:09','/storage/img/missions/04 first year.png','/var/www/speakland/public/storage/img/missions/04 first year.png'),(12,'Mission 05: Second year',6,NULL,NULL,'2020-07-28 09:20:30','2020-07-28 09:20:30','/storage/img/missions/05 second year.png','/var/www/speakland/public/storage/img/missions/05 second year.png'),(13,'Mission 06: Go to Britain',7,NULL,NULL,'2020-07-28 09:20:54','2020-07-28 09:20:54','/storage/img/missions/06.png','/var/www/speakland/public/storage/img/missions/06.png'),(14,'Mission 07: Make useful contacts',8,NULL,NULL,'2020-07-28 09:21:13','2020-07-28 09:21:13','/storage/img/missions/07.png','/var/www/speakland/public/storage/img/missions/07.png'),(15,'Mission 08: Stay with a family',9,NULL,NULL,'2020-07-28 09:21:44','2020-07-28 09:21:44','/storage/img/missions/08.png','/var/www/speakland/public/storage/img/missions/08.png'),(16,'Mission 09: Choose a school',10,NULL,NULL,'2020-07-28 09:22:03','2020-07-28 09:22:03','/storage/img/missions/09.png','/var/www/speakland/public/storage/img/missions/09.png'),(17,'Mission 10: Enrol for the school',11,NULL,NULL,'2020-07-28 09:22:26','2020-07-28 09:22:26','/storage/img/missions/10.png','/var/www/speakland/public/storage/img/missions/10.png'),(18,'Mission 11: Begin your studies',12,NULL,NULL,'2020-07-28 09:22:42','2020-07-28 09:22:42','/storage/img/missions/11.png','/var/www/speakland/public/storage/img/missions/11.png'),(19,'Mission 12: Meet the manager...',13,NULL,NULL,'2020-07-28 09:23:12','2020-07-28 09:23:12','/storage/img/missions/12.png','/var/www/speakland/public/storage/img/missions/12.png'),(20,'Mission 13: Make friends...',14,NULL,NULL,'2020-07-28 09:23:33','2020-07-28 09:23:33','/storage/img/missions/13.png','/var/www/speakland/public/storage/img/missions/13.png'),(21,'Mission 14: Make a dossier...',15,NULL,NULL,'2020-07-28 09:23:51','2020-07-28 09:23:51','/storage/img/missions/14.png','/var/www/speakland/public/storage/img/missions/14.png');
/*!40000 ALTER TABLE `missions` ENABLE KEYS */;
UNLOCK TABLES;

--
-- Table structure for table `notifications`
--

DROP TABLE IF EXISTS `notifications`;
/*!40101 SET @saved_cs_client     = @@character_set_client */;
/*!50503 SET character_set_client = utf8mb4 */;
CREATE TABLE `notifications` (
  `id` bigint unsigned NOT NULL AUTO_INCREMENT,
  `user_id` bigint unsigned NOT NULL,
  `title` varchar(255) COLLATE utf8mb4_unicode_ci NOT NULL,
  `description` varchar(255) COLLATE utf8mb4_unicode_ci DEFAULT NULL,
  `seen` tinyint unsigned NOT NULL,
  `created_at` timestamp NULL DEFAULT NULL,
  `updated_at` timestamp NULL DEFAULT NULL,
  PRIMARY KEY (`id`)
) ENGINE=InnoDB DEFAULT CHARSET=utf8mb4 COLLATE=utf8mb4_unicode_ci;
/*!40101 SET character_set_client = @saved_cs_client */;

--
-- Dumping data for table `notifications`
--

LOCK TABLES `notifications` WRITE;
/*!40000 ALTER TABLE `notifications` DISABLE KEYS */;
/*!40000 ALTER TABLE `notifications` ENABLE KEYS */;
UNLOCK TABLES;

--
-- Table structure for table `oauth_access_tokens`
--

DROP TABLE IF EXISTS `oauth_access_tokens`;
/*!40101 SET @saved_cs_client     = @@character_set_client */;
/*!50503 SET character_set_client = utf8mb4 */;
CREATE TABLE `oauth_access_tokens` (
  `id` varchar(100) COLLATE utf8mb4_unicode_ci NOT NULL,
  `user_id` bigint unsigned DEFAULT NULL,
  `client_id` bigint unsigned NOT NULL,
  `name` varchar(255) COLLATE utf8mb4_unicode_ci DEFAULT NULL,
  `scopes` text COLLATE utf8mb4_unicode_ci,
  `revoked` tinyint(1) NOT NULL,
  `created_at` timestamp NULL DEFAULT NULL,
  `updated_at` timestamp NULL DEFAULT NULL,
  `expires_at` datetime DEFAULT NULL,
  PRIMARY KEY (`id`),
  KEY `oauth_access_tokens_user_id_index` (`user_id`)
) ENGINE=InnoDB DEFAULT CHARSET=utf8mb4 COLLATE=utf8mb4_unicode_ci;
/*!40101 SET character_set_client = @saved_cs_client */;

--
-- Dumping data for table `oauth_access_tokens`
--

LOCK TABLES `oauth_access_tokens` WRITE;
/*!40000 ALTER TABLE `oauth_access_tokens` DISABLE KEYS */;
INSERT INTO `oauth_access_tokens` VALUES ('000829d1b07ea739ab8a79fa3b285c69c7724ab233c7409fdfa95be7552ac2c20baee225dd5302de',1,1,'MyApp','[]',0,'2020-07-06 13:58:37','2020-07-06 13:58:37','2021-07-06 15:58:37'),('0032bc2ea6eb32ddc817cf872b896a69dac1e16612519dffeeadd179efd0dede9646fd0cc4e78ec9',1,1,'MyApp','[]',0,'2020-07-06 13:33:18','2020-07-06 13:33:18','2021-07-06 15:33:18'),('00518426c8730692ee06c6319e6c24e589346b881a8f803402fab608dc29c26def733665736862c8',1,1,'MyApp','[]',0,'2020-07-06 13:32:56','2020-07-06 13:32:56','2021-07-06 15:32:56'),('0195041fd212c0737c32ee43addfb3eaad9ae282e78a6cb7adce560761b30342c0afa8a3e697417b',1,1,'MyApp','[]',0,'2020-07-06 13:55:30','2020-07-06 13:55:30','2021-07-06 15:55:30'),('028d69d14e2ac7534d99b5d94b45e66aae8572bef1f6997f24eada789aaf5fb657169258d713f1ef',1,1,'MyApp','[]',0,'2020-07-06 14:01:48','2020-07-06 14:01:48','2021-07-06 16:01:48'),('030aca4cebb6784db141598d713e736c71fa620e69dd9fb8f2fc445f2dfe6c8c67ead6b08efc91b7',1,1,'MyApp','[]',0,'2020-07-06 15:32:57','2020-07-06 15:32:57','2021-07-06 17:32:57'),('03ef54e2c27a5ca85546b359e727095681a5b27a18986bf0d8ec63ea7fd70447913fff966e26a7e6',1,1,'MyApp','[]',0,'2020-07-09 21:10:11','2020-07-09 21:10:11','2021-07-09 23:10:11'),('040e8775f984f6ca718bb746f8773f903e0e104efd4a903fb0ca83e91f50ff0526af085fba1a82e1',1,1,'MyApp','[]',0,'2020-07-06 13:39:12','2020-07-06 13:39:12','2021-07-06 15:39:12'),('04788f6d3f9dfecaaefbd845317ce0174652833032d0eea11b7f8850e3e0ba8158a7cd759e5642ca',1,1,'MyApp','[]',0,'2020-07-06 13:51:04','2020-07-06 13:51:04','2021-07-06 15:51:04'),('057a87dcf2dc81d2af7c96fba21fa286e3f8bfd853e5c1fe50b32bbb5a21cc666d0e33d28a4f8f21',1,1,'MyApp','[]',0,'2020-07-06 14:00:47','2020-07-06 14:00:47','2021-07-06 16:00:47'),('05fa82372181bc1e92bc7138da70dc3be4324d154b809442b666435dc4008c651657c2043c88d5d2',1,1,'MyApp','[]',0,'2020-07-06 15:14:15','2020-07-06 15:14:15','2021-07-06 17:14:15'),('09a61048a98c510b00b2574ee011d0d64078bd41daf3bc0da93cbc7ff4c1ede756b01441c5995792',1,1,'MyApp','[]',0,'2020-07-06 15:36:26','2020-07-06 15:36:26','2021-07-06 17:36:26'),('09bac05641b59567fe0a1d18cc750d3b08d62154565e967ea162fa40e1c769c3c6949097f9261bb6',1,1,'MyApp','[]',0,'2020-07-06 15:08:45','2020-07-06 15:08:45','2021-07-06 17:08:45'),('0bc14659980045ae301106510681daf98d8237db1f42403dd48dbc75fd3a9ee62d924482deb9a27d',1,1,'MyApp','[]',0,'2020-07-06 15:21:02','2020-07-06 15:21:02','2021-07-06 17:21:02'),('0c976c96d02702d7e6e091499eb09fa14983960bfba8dc6980c0c55cd355494ac18d2e7155a53b84',1,1,'MyApp','[]',0,'2020-07-06 14:17:10','2020-07-06 14:17:10','2021-07-06 16:17:10'),('12da389ca5977b41b1e4e0fe5c954a8442b2c1128214e81403481af45003af607e70690a272b4a27',1,1,'MyApp','[]',0,'2020-07-06 14:07:36','2020-07-06 14:07:36','2021-07-06 16:07:36'),('1509215b13480ac05d01a8dc7f2e79685be1eb93393eb844e85804f77b776eb671f4d66ab6969693',1,1,'MyApp','[]',0,'2020-07-06 14:26:41','2020-07-06 14:26:41','2021-07-06 16:26:41'),('163fa7bf57e402afa8d038501e29a25f81b7f94eb7d2d3f2eb45d72e033828833dfa5586b7cc6064',1,1,'MyApp','[]',0,'2020-07-13 01:50:39','2020-07-13 01:50:39','2021-07-13 03:50:39'),('17d8f06a1ee48785ee1ce45f363c3d282d65204f7a775bf99e198800298033be8983f7cacee9eeb5',1,1,'MyApp','[]',0,'2020-07-06 15:25:36','2020-07-06 15:25:36','2021-07-06 17:25:36'),('19415a8a86d510e6f45602c8a7343f8d85382917651ea07310fe2b231f8d4d781d418568ac115ee3',1,1,'MyApp','[]',0,'2020-07-06 14:32:39','2020-07-06 14:32:39','2021-07-06 16:32:39'),('197d2f533140df664cb0bdfa20e3bf42a975b00e799cfbfc80252788ea1d8c75113e17099c4ae473',1,1,'MyApp','[]',0,'2020-07-06 15:31:42','2020-07-06 15:31:42','2021-07-06 17:31:42'),('19d089fc73821816fa9bce5530503a49f4a36afc7ceac44244c7e08292d6fb9bc56159d27f90cd4d',1,1,'MyApp','[]',0,'2020-07-09 21:11:44','2020-07-09 21:11:44','2021-07-09 23:11:44'),('1eec84a68de951bc4152c977629bf90a52288bebe27fe0a04072c2cce55682838de08287430676bd',1,1,'MyApp','[]',0,'2020-07-06 15:38:44','2020-07-06 15:38:44','2021-07-06 17:38:44'),('1f9a4cb197f32d4419600d9e662bb1b02eb302538bfdb07d628e9ebc5455cbd50c1c7d68cc9525e6',1,1,'MyApp','[]',0,'2020-07-06 14:09:27','2020-07-06 14:09:27','2021-07-06 16:09:27'),('2056e8fc2bc56d354a41d6a5f5a2a7d6193fd1d846dc5bf29178ee554df36d05467197e7e6bbffe0',1,1,'MyApp','[]',0,'2020-07-06 13:56:04','2020-07-06 13:56:04','2021-07-06 15:56:04'),('21b40e9b726f697c8e06501439ae108730d0e492dc5f346967e5b3affa63373e4be96e747df859d8',1,1,'MyApp','[]',0,'2020-07-06 13:32:35','2020-07-06 13:32:35','2021-07-06 15:32:35'),('23b2bba153e05581a9d08388f0e309e2b7bc2fef9280cc8a69c7b9387fbb1fdf8b0bd0d01845cf89',1,1,'MyApp','[]',0,'2020-07-06 14:09:55','2020-07-06 14:09:55','2021-07-06 16:09:55'),('259a8b4f69596de17e49ed06c971c07b19e504a0aba5cbddbd077d9fa4c586166f91eb7893d8a1da',1,1,'MyApp','[]',0,'2020-07-13 01:45:25','2020-07-13 01:45:25','2021-07-13 03:45:25'),('25bfd2e28585f68f5c206237ee76aa1a9561d9011acb56d0c300dd2b008b30fffcff051e44680cee',1,1,'MyApp','[]',0,'2020-07-06 13:55:31','2020-07-06 13:55:31','2021-07-06 15:55:31'),('2b27edb9fdf20e22f37727d3a5e5c32bceb24ed837f53a2ac1bfc2d2b48cbff9638381f43c171c44',1,1,'MyApp','[]',0,'2020-07-06 15:29:58','2020-07-06 15:29:58','2021-07-06 17:29:58'),('2b55d44cd3fd5268e5f9c7b2f3ae3a70c9f6a6cf66e0b538f1724fac85a6ae74a9dac85090357aa1',1,1,'MyApp','[]',0,'2020-07-06 14:09:05','2020-07-06 14:09:05','2021-07-06 16:09:05'),('2bbe651bd5281d9a85b60e4662dfdc8fd83ce9a3fe0f242b0517640fe6d72e09c2502d603e277dcd',1,1,'MyApp','[]',0,'2020-07-06 15:16:13','2020-07-06 15:16:13','2021-07-06 17:16:13'),('2d7858c5952f7c881e79c330c984c25bc07edb206d068c9a3ed96ee2b0a04add646bbcfe5a19a423',1,1,'MyApp','[]',0,'2020-07-06 15:17:18','2020-07-06 15:17:18','2021-07-06 17:17:18'),('2f8695ae548bf3edc7874c5abfc0ad1e9a5064b21586dc1c1081d2b23a9d8dbffe2a24ea5f1c95ac',1,1,'MyApp','[]',0,'2020-07-06 13:34:32','2020-07-06 13:34:32','2021-07-06 15:34:32'),('2fbeac6478c36289dc0284757246cf2bf41f41c0baebd69c148218beb1bd5f66dd5b2fbebd68098c',1,1,'MyApp','[]',0,'2020-07-06 15:15:17','2020-07-06 15:15:17','2021-07-06 17:15:17'),('3218bd9bc5beae5e68a46f30792c9e4191fb071c531ff96013313cb68bf5eaa3507cb8374971faba',1,1,'MyApp','[]',0,'2020-07-06 15:19:03','2020-07-06 15:19:03','2021-07-06 17:19:03'),('328c00ca7d8554f932009fa00649a709987a2c1c7b4ac2110acf27dd2d1c29e6dbc791f8b76b0627',1,1,'MyApp','[]',0,'2020-07-06 15:16:55','2020-07-06 15:16:55','2021-07-06 17:16:55'),('3363e1ec35598d18e7a71a39d06a11795161cd93b0859335d71baac4a21a26050729322c5011c42e',1,1,'MyApp','[]',0,'2020-07-06 13:26:29','2020-07-06 13:26:29','2021-07-06 15:26:29'),('34f30493fceca48fe0f8408eefe596bbf156a3757784d2a1792294682784a29152ef171e8aa0f76a',1,1,'MyApp','[]',0,'2020-07-06 13:46:10','2020-07-06 13:46:10','2021-07-06 15:46:10'),('384fc9e1270f2d7e99fc9e9f8fa5ffcc38701229d1c01bd02c220ba70ebc0a7f0d3ed3c2f4732598',1,1,'MyApp','[]',0,'2020-07-06 14:59:04','2020-07-06 14:59:04','2021-07-06 16:59:04'),('3a37715a5b0998ab6134bdc2053c5b68dca91a1a12c5eae5b029af55bf94ff1dadfdacfb67afe3a1',1,1,'MyApp','[]',0,'2020-07-13 01:45:41','2020-07-13 01:45:41','2021-07-13 03:45:41'),('3f1e32a8ca45f20a18404f9538731ac039e8b3ac39c2d5ce00b39f08bd4628e49be06d4cefcb192d',1,1,'MyApp','[]',0,'2020-07-06 13:46:49','2020-07-06 13:46:49','2021-07-06 15:46:49'),('3f7cd0e5c2847664796e8636f2d9d2d4bb6d6e28e98bf1848fbe119f759a35fa9560a349a8eeb67c',1,1,'MyApp','[]',0,'2020-07-06 15:25:58','2020-07-06 15:25:58','2021-07-06 17:25:58'),('400927fa61a820098bcad9a1ec25d4504159d691f3cb3a2fd7b799e9f0b782a543aeccf30c5aa1e3',1,1,'MyApp','[]',0,'2020-07-06 14:02:07','2020-07-06 14:02:07','2021-07-06 16:02:07'),('40d28e8d1a21dbfa4a6f5bd80b9ded12af59f4d5003bf4434d9137827c9901bf3f759de361bfc375',1,1,'MyApp','[]',0,'2020-07-06 13:35:05','2020-07-06 13:35:05','2021-07-06 15:35:05'),('41430b328a38557504d26c49bffa30eb5bab0f8727809bb15ef68a31868389e5db1f9d654d2cf711',1,1,'MyApp','[]',0,'2020-07-06 14:37:57','2020-07-06 14:37:57','2021-07-06 16:37:57'),('4490fda56c12d283fdbf7217b06ee6b0babbacb892e9feab84c83d10149e0badb73b4e3ee837caf8',1,1,'MyApp','[]',0,'2020-07-06 15:09:02','2020-07-06 15:09:02','2021-07-06 17:09:02'),('45e36ed00ed30053655b11b8cb4e856d9e9c12d13bb5100a623b1bda18c5d781792b05e41eff4ad3',1,1,'MyApp','[]',0,'2020-07-06 14:01:06','2020-07-06 14:01:06','2021-07-06 16:01:06'),('46378cbffa4762b91b2ceab421326b57d445793ce8bf6d865bd9997ee3b8da4b119aadf8ecf3a926',1,1,'MyApp','[]',0,'2020-07-06 15:24:28','2020-07-06 15:24:28','2021-07-06 17:24:28'),('47e8fb2145537ed004865c7302c6340f4ff74044a73f4341b05e207b117ceeba64c8435476c7e6f0',1,1,'MyApp','[]',0,'2020-07-06 13:38:02','2020-07-06 13:38:02','2021-07-06 15:38:02'),('4876b5de6cfa079aefda13b0306fc284ce0388847270ff17ee97b5e2475395399891baedb5d0e38c',1,1,'MyApp','[]',0,'2020-07-06 13:50:15','2020-07-06 13:50:15','2021-07-06 15:50:15'),('4b401fabcf18cb85d6e6f6d75b25f87d9421d1b5db01b7061b9b54e79c2af58c707e47cb19fa78f5',1,1,'MyApp','[]',0,'2020-07-13 01:46:26','2020-07-13 01:46:26','2021-07-13 03:46:26'),('4cfea5b3745fd557db32dcea76cbd2d28832b2b533091fb68107154b44a1ea00ef1276a324adce93',1,1,'MyApp','[]',0,'2020-07-06 15:30:12','2020-07-06 15:30:12','2021-07-06 17:30:12'),('4d264ad7ff9ff3dc160b5c9d4b87e67d698079ad70070c4237b0fc746154533317e8062456177790',1,1,'MyApp','[]',0,'2020-07-06 15:20:08','2020-07-06 15:20:08','2021-07-06 17:20:08'),('4d79af948c91cc8751fc965e058bd7fac39cfff6307f07bb186fa6548a70529379245c680dd72091',1,1,'MyApp','[]',0,'2020-07-28 09:14:47','2020-07-28 09:14:47','2021-07-28 11:14:47'),('4dc59d3b4bbd9ad4b20a14943ac9b2a70a4d0e63722af1e1b4dfb4800e45911aac364a2b2baf55c3',1,1,'MyApp','[]',0,'2020-07-06 14:16:53','2020-07-06 14:16:53','2021-07-06 16:16:53'),('4e28ef8b1ee1719d619a317aa02ba65a9888602b479000304b43a2676ea7be4ae0f637c9d93cdf02',1,1,'MyApp','[]',0,'2020-07-06 14:11:02','2020-07-06 14:11:02','2021-07-06 16:11:02'),('4eb56bc0a200894a27785514d081d5ffa2fde365bc0c02505bfa5ce1e46e0c68fd6b4f501b03df90',1,1,'MyApp','[]',0,'2020-07-28 09:15:49','2020-07-28 09:15:49','2021-07-28 11:15:49'),('4eef9472f7e52672d04953f266f789884ae9816789227394d9f77dde719728ed10a72db574ab09db',1,1,'MyApp','[]',0,'2020-07-29 16:33:27','2020-07-29 16:33:27','2021-07-29 18:33:27'),('5114d446bc40d6ee38f08f34e4c7197ac58371c8ac3a6600f663c3d3af63929e2b60aeb9537b63ca',1,1,'MyApp','[]',0,'2020-07-06 14:34:34','2020-07-06 14:34:34','2021-07-06 16:34:34'),('51a31927ac131e50a71ab7924e046f3c0b06d4397b09898286c670b0b3a674365bb87b405cc41fd6',1,1,'MyApp','[]',0,'2020-07-06 13:40:28','2020-07-06 13:40:28','2021-07-06 15:40:28'),('52ae0efd78a27e54f84146d1ed8879fc20ecd14ca5a9be4d586367f96fefd8ba5e08fee4e111e577',1,1,'MyApp','[]',0,'2020-07-13 01:44:10','2020-07-13 01:44:10','2021-07-13 03:44:10'),('533d18fad64a2d4495fdc8eaea4f0f607d4d937bda8528c8f6da95dda09f995e5f839fece5bbed2c',1,1,'MyApp','[]',0,'2020-07-06 14:41:19','2020-07-06 14:41:19','2021-07-06 16:41:19'),('568ed3aff3c3aa3d7e631ff575be9ba78f8e767e781e76424fd8f3d7145a9c825834b65a887e03c1',1,1,'MyApp','[]',0,'2020-07-06 14:52:55','2020-07-06 14:52:55','2021-07-06 16:52:55'),('58d1e69ea61479b1cf9cb6607e673858379807bf09f8223c0a3cc3d7611c5681646f66a22cfce46c',1,1,'MyApp','[]',0,'2020-07-06 14:45:09','2020-07-06 14:45:09','2021-07-06 16:45:09'),('5904a507c0080c71d2c372808f5d9d7fd752edba1efafd3ae240fdb1f10e1d709ae56a54b99bb501',1,1,'MyApp','[]',0,'2020-07-06 13:52:54','2020-07-06 13:52:54','2021-07-06 15:52:54'),('5a8a00baeca4468c504b00a78f3ae9cbd25a4b2ec64cdf7db8bd71b56f5c3a6c2a2f15499372c16c',1,1,'MyApp','[]',0,'2020-07-06 14:11:57','2020-07-06 14:11:57','2021-07-06 16:11:57'),('5a8e6d9a724cbc2b279c1a3632cedb0a089f953220cc357e5f49a65f9482baec840c2ec40fdd7e09',1,1,'MyApp','[]',0,'2020-07-06 13:49:10','2020-07-06 13:49:10','2021-07-06 15:49:10'),('5c9f84a58e23b46ac8ecdc9f88a8521a7dc85c68c7e85ffe9bdb134280d0565130c8ef61a0e3fa24',1,1,'MyApp','[]',0,'2020-07-13 01:45:24','2020-07-13 01:45:24','2021-07-13 03:45:24'),('5cfb7f2602616e214895c358e6e726b5df5d3bbf32054ee3e47fc7c625d8025ffdaa39b0ef7deb23',1,1,'MyApp','[]',0,'2020-07-06 15:15:43','2020-07-06 15:15:43','2021-07-06 17:15:43'),('5e72f6ce4f87a55afbdf0326b01131ebd7c3e000096d4b13a002f686719a2042d6625f007719f777',1,1,'MyApp','[]',0,'2020-07-06 15:39:25','2020-07-06 15:39:25','2021-07-06 17:39:25'),('6577555ef7bbd32b77b522814b28fab34c33c6262783eac5fd8ea9491c28c98a0e9a113eb1e5ad53',1,1,'MyApp','[]',0,'2020-07-06 14:56:18','2020-07-06 14:56:18','2021-07-06 16:56:18'),('66f0771d80b8562f9e0b0fee4324b8e14a0370f79e10b60dffbb9143a08d295f91be784db1607660',1,1,'MyApp','[]',0,'2020-07-06 14:42:10','2020-07-06 14:42:10','2021-07-06 16:42:10'),('6aa9245ad3a31a6b0991e62d4a72eef409de376d1dae57929a7e305cd835dc7d065bbd41fea244c5',1,1,'MyApp','[]',0,'2020-07-06 13:49:05','2020-07-06 13:49:05','2021-07-06 15:49:05'),('6b4847701b08f00dddef7329368657147e4962c206e362e1494b346e1032e79d0e7c53894359e71d',1,1,'MyApp','[]',0,'2020-07-06 13:55:48','2020-07-06 13:55:48','2021-07-06 15:55:48'),('6c44a4ae177220d17ad8cbf503634dccfa303c95fa6f8456954cb89a4eb5b57654b8fa79708c906e',1,1,'MyApp','[]',0,'2020-07-06 13:47:15','2020-07-06 13:47:15','2021-07-06 15:47:15'),('719553bfa03a34fe7c37af88ef256b7b267b588a30df32d30d92bd3c5762ecb1e4129a2e22cf813a',1,1,'MyApp','[]',0,'2020-07-06 14:45:55','2020-07-06 14:45:55','2021-07-06 16:45:55'),('74adff37a647e99e1b0efb37de7932986e56f383ac68efbc2db936cb1e9522371954e19c783c0998',1,1,'MyApp','[]',0,'2020-07-06 13:20:21','2020-07-06 13:20:21','2021-07-06 15:20:21'),('7af1593d971bb7e9e229b39a0abd7a06ec783e0553084cb962c79bb69115b605070e3fe3b426aac4',1,1,'MyApp','[]',0,'2020-07-06 14:29:13','2020-07-06 14:29:13','2021-07-06 16:29:13'),('7d8b1d244384ad31f4a22724c891d035565223fd660b71ae3a8bcd6bde0370c9cd9a0199b7b69c7f',1,1,'MyApp','[]',0,'2020-07-06 15:09:38','2020-07-06 15:09:38','2021-07-06 17:09:38'),('7f648ce1152f15cdccce52bf745dce60f69fd6d71ee29c0753b5249b549d771901bdad30ac2006ca',1,1,'MyApp','[]',0,'2020-07-06 13:26:39','2020-07-06 13:26:39','2021-07-06 15:26:39'),('810a829a6a2847184a765b7406e0be931b9299ac80f16a57f26194d743ad6d59065061a744ebe231',1,1,'MyApp','[]',0,'2020-07-06 13:40:58','2020-07-06 13:40:58','2021-07-06 15:40:58'),('830164abcd3cbd9afef5c75bd06d4a610442ecf5a9170ba77012620414f34d369eaf0b7c856bf9e2',1,1,'MyApp','[]',0,'2020-07-06 14:48:54','2020-07-06 14:48:54','2021-07-06 16:48:54'),('83f30a2978212326cf071cc880916b6d5f1a2042df70625c3c65b62f93df7724084e68306be3587f',1,1,'MyApp','[]',0,'2020-07-13 01:45:46','2020-07-13 01:45:46','2021-07-13 03:45:46'),('8471f38933e2e4154f344398afe9935285720127a36a7742e37bff496b67f0ea16316da5f60abea6',1,1,'MyApp','[]',0,'2020-07-06 14:13:20','2020-07-06 14:13:20','2021-07-06 16:13:20'),('854ab35fb3403a680f035e506b461b8194c5c96b9792a8757323c34b29966e3bceebb0896ab960b6',1,1,'MyApp','[]',0,'2020-07-06 14:12:54','2020-07-06 14:12:54','2021-07-06 16:12:54'),('86215cd1d744cef23eea941aca1d52f04d93342eb526c7ec9806d0c614c4859df5b17023e5b02533',1,1,'MyApp','[]',0,'2020-07-06 15:01:57','2020-07-06 15:01:57','2021-07-06 17:01:57'),('86615b5eefb318af6365f849cf7c8dbb0e3f04197b98625219e9e0e14896588b6b19c76b4ad71e49',1,1,'MyApp','[]',0,'2020-07-06 14:51:07','2020-07-06 14:51:07','2021-07-06 16:51:07'),('8865bce83b3c41cfc11811985386ff5dcef07e0cfc2b97c52783bf54d196c4e334506102e160d742',1,1,'MyApp','[]',0,'2020-07-06 14:47:01','2020-07-06 14:47:01','2021-07-06 16:47:01'),('88aaba933df120a426f9ab9b38de60d05b354ad9e935bced3501b3c70e830f613736bf9cf2b16f19',1,1,'MyApp','[]',0,'2020-07-06 15:23:58','2020-07-06 15:23:58','2021-07-06 17:23:58'),('8958464057f12787913351e1b1c6077cbbed234383362ba054878f9e1f362dc8941d3910177dc9b1',1,1,'MyApp','[]',0,'2020-07-06 13:28:19','2020-07-06 13:28:19','2021-07-06 15:28:19'),('89d4766896321881de835b6850d8644fde79b03ad9e3f6e28ac9617ce1ec0ae9fff6556386ba72bf',1,1,'MyApp','[]',0,'2020-07-06 14:05:30','2020-07-06 14:05:30','2021-07-06 16:05:30'),('8a18f85a0bed9b8c736f260c28a11b735a82c105a4ddc2f60d25f5dfa8c2c64fe03b3a29e362d14f',1,1,'MyApp','[]',0,'2020-07-06 13:25:37','2020-07-06 13:25:37','2021-07-06 15:25:37'),('8ace88cbc15107844959cdcf314f4b47a625e651a33b6abb7ffed1ff87793603373954bd7a08f7e6',1,1,'MyApp','[]',0,'2020-07-06 13:25:13','2020-07-06 13:25:13','2021-07-06 15:25:13'),('8c2dce0ff559a0cc3003c8d46cf1a587062269073130a10d12284720ca431ccccf39f0aa6586b0d7',1,1,'MyApp','[]',0,'2020-07-06 15:25:25','2020-07-06 15:25:25','2021-07-06 17:25:25'),('8d4736dc2fd33a596fdb5ca4a1a943d97f577bf6ef5fb5e53b417e5c4efe8bb9a6831a1d878ef674',1,1,'MyApp','[]',0,'2020-07-06 15:19:40','2020-07-06 15:19:40','2021-07-06 17:19:40'),('8dd190bae4fcb1456caec5883caaa55389d5c60be89ca63edd3496a6a7924daae1b1a70c5362ba79',1,1,'MyApp','[]',0,'2020-07-06 14:29:06','2020-07-06 14:29:06','2021-07-06 16:29:06'),('901371558f56ce4b3be6d1a9662a59f41735363b1cdd6aa3517283899bcf9c701a86f3c6ae7ef552',1,1,'MyApp','[]',0,'2020-07-28 09:16:26','2020-07-28 09:16:26','2021-07-28 11:16:26'),('90c784ebe796602676849f328a43e6941e9db9cbe3f692e2af3fc10020047054e4f894b63165d12d',1,1,'MyApp','[]',0,'2020-07-06 13:57:55','2020-07-06 13:57:55','2021-07-06 15:57:55'),('91c2b6eaed75c74bb59723298abb688931ae0a0d07fbe4844aa99b252c77be4bf7afbaceddfca1c5',1,1,'MyApp','[]',0,'2020-07-06 15:39:30','2020-07-06 15:39:30','2021-07-06 17:39:30'),('9201ac9946b9aca4e9c683abc1eb60cbfc19796269da796f75a27b22c2e589d7515b90d201a56359',1,1,'MyApp','[]',0,'2020-07-06 14:18:15','2020-07-06 14:18:15','2021-07-06 16:18:15'),('95b5f4e84c2f66bccd8564c9f056d8d5fc8603350f27800e8afd1e0b337bb5412379a8ed525130cb',1,1,'MyApp','[]',0,'2020-07-06 15:16:39','2020-07-06 15:16:39','2021-07-06 17:16:39'),('96056f835d40c3fb0ab664f25cc3912916d57a91b07c785a328c851bc9f059bf642b9b91dd8d414d',1,1,'MyApp','[]',0,'2020-07-06 14:32:44','2020-07-06 14:32:44','2021-07-06 16:32:44'),('9611dab902527552e9d04f7ee3704bff9f818d1663e44ba7aff5df846f809f9868dff998b40baf8b',1,1,'MyApp','[]',0,'2020-07-06 13:37:21','2020-07-06 13:37:21','2021-07-06 15:37:21'),('98cd24a1d20873cfa0e6f5765ee5cfa72b857081633271ac30647d76412d415bb12ebc7eb8bbca9b',1,1,'MyApp','[]',0,'2020-07-06 13:28:45','2020-07-06 13:28:45','2021-07-06 15:28:45'),('9971d194f038ae73f53955c6fb083452429660818290e78e99c60b86ad243e1f4c577200840c5b6c',1,1,'MyApp','[]',0,'2020-07-13 01:50:34','2020-07-13 01:50:34','2021-07-13 03:50:34'),('9a9ad76070d6151ee290ba13da01fbbc8b8c8a9d9e73de3239fc2ffb604d34dadf8fff14f2b2e516',1,1,'MyApp','[]',0,'2020-07-06 13:30:50','2020-07-06 13:30:50','2021-07-06 15:30:50'),('9b34cee4cb95724ad2e7aaaf3cc3cb81094ecb10bfdb55764513f0cf12e1565a2f64ad93692aeb18',1,1,'MyApp','[]',0,'2020-07-06 13:48:48','2020-07-06 13:48:48','2021-07-06 15:48:48'),('9c17eeb56e92582d24356caa0778f603fc08c5296b77f236f07b993d0b07b19a799dd8eded3cd675',1,1,'MyApp','[]',0,'2020-07-06 15:30:55','2020-07-06 15:30:55','2021-07-06 17:30:55'),('9fca8f9f18efdc4688efb512f452345c23316b134b09f5472e11a260e665936d14f91f33763a867d',1,1,'MyApp','[]',0,'2020-07-06 15:17:04','2020-07-06 15:17:04','2021-07-06 17:17:04'),('a0bfe124aab38deb57f003bbed0569e37cad1d561dd6bd7973c06df6670f1ae85a73cc0e720d08f4',1,1,'MyApp','[]',0,'2020-07-06 14:58:00','2020-07-06 14:58:00','2021-07-06 16:58:00'),('a3314a52d608db9cea2deba187baf4861046eec82f224bdf3d17788e4ba47918fac92582a1d14b45',1,1,'MyApp','[]',0,'2020-07-13 01:45:36','2020-07-13 01:45:36','2021-07-13 03:45:36'),('a4395c1a51a56e70b840f2eee774e97b965f09a900f89290445209124cc02d751d2e660d2d30cdd2',1,1,'MyApp','[]',0,'2020-07-06 14:53:31','2020-07-06 14:53:31','2021-07-06 16:53:31'),('a5d844088a80294b22d8dd5c712538f66ebac40f61c1e2b34cc53f9882ed4a1388119ff3124c4e00',1,1,'MyApp','[]',0,'2020-07-06 13:22:25','2020-07-06 13:22:25','2021-07-06 15:22:25'),('a70157f605c892d80d616bece71cb5fe5a8a5acf497a43155f189dabfa9510b89e5651a74aae5fd0',1,1,'MyApp','[]',0,'2020-07-06 15:17:36','2020-07-06 15:17:36','2021-07-06 17:17:36'),('a78366c1f3d24d85e04fe4fdc400f16d2e07e446293f60f8ab21ca7156ece689331edf58db44affa',1,1,'MyApp','[]',0,'2020-07-06 14:47:08','2020-07-06 14:47:08','2021-07-06 16:47:08'),('a79e9ea73303216094c8ee27c851ac756af785c02971cf17a46ab4383e7701210f143dc1d010e1a5',1,1,'MyApp','[]',0,'2020-07-06 13:22:07','2020-07-06 13:22:07','2021-07-06 15:22:07'),('a929837aef89e9d7d28445ebda5399e89cdcc9f45316bb92e7dc12b83e640f4c5dc9b95dfb0e97e9',1,1,'MyApp','[]',0,'2020-07-06 14:39:30','2020-07-06 14:39:30','2021-07-06 16:39:30'),('a9d386b4512e249d74d159d963d7c22fe96691b9a6447fff64ae8bce9bd850efdc3c8c505666aaf8',1,1,'MyApp','[]',0,'2020-07-06 14:56:36','2020-07-06 14:56:36','2021-07-06 16:56:36'),('ac8ef3eb3e28b9447f15d6167293f90b0d4de28e451b7668b66966915d72bfde02f27d882847f54e',1,1,'MyApp','[]',0,'2020-07-06 15:36:46','2020-07-06 15:36:46','2021-07-06 17:36:46'),('acacb491387d39914e744b448beb2f31381e0df3bdb190b75c72074eea891d7136821901236cbfe6',1,1,'MyApp','[]',0,'2020-07-06 14:18:36','2020-07-06 14:18:36','2021-07-06 16:18:36'),('adc2f6d2d7128527de8f21293a09c1b489c64a5d9065fb562cbf74e78ae1db4f683117a3864df689',1,1,'MyApp','[]',0,'2020-07-06 14:50:47','2020-07-06 14:50:47','2021-07-06 16:50:47'),('aea1ee3e00029a3caaf7c2edd49b40d5f3454127d48a01f5ba7ac84a3d326dadbb33967328c75d30',1,1,'MyApp','[]',0,'2020-07-06 14:53:52','2020-07-06 14:53:52','2021-07-06 16:53:52'),('afd2e56956d79d64f0a1779f7619df1e13c34e300ab99b4f75ab33928b61c5d092c450af6e6a7004',1,1,'MyApp','[]',0,'2020-07-06 14:47:38','2020-07-06 14:47:38','2021-07-06 16:47:38'),('b12f947520a1818c23f6a24d611b8afddf09640239bc95766fd0c402b64cba5a6a9804517d3e5452',1,1,'MyApp','[]',0,'2020-07-06 15:21:25','2020-07-06 15:21:25','2021-07-06 17:21:25'),('b2368a3e2a0e7c853a3d388ec7438feb9f26a659a9312a3a717e26c19cbdec772ed7482d04cd6038',1,1,'MyApp','[]',0,'2020-07-06 15:10:23','2020-07-06 15:10:23','2021-07-06 17:10:23'),('b31c5dccb32817f2c53d9c876b6928ddece3ba34021c0f80c1eecf1dd07939e93deece7dc0c55ec9',1,1,'MyApp','[]',0,'2020-07-06 15:30:40','2020-07-06 15:30:40','2021-07-06 17:30:40'),('b40bf46227a9354c40ff2f89d853db1c2c65c8f5f4d1aa9b39c1a48cb99fd67f24ebb67223d0eda6',1,1,'MyApp','[]',0,'2020-07-13 01:44:50','2020-07-13 01:44:50','2021-07-13 03:44:50'),('b4f5000296172110ab0969ee9f093ffdbd470ae0e21b993b89d390dc8e64f0a2982227b5965b6493',1,1,'MyApp','[]',0,'2020-07-06 13:55:06','2020-07-06 13:55:06','2021-07-06 15:55:06'),('b52bdf57a25ca3841421698daf0ce6a9bdd201d6e6e79748047785d2b37b61850c531cc94a05f673',1,1,'MyApp','[]',0,'2020-07-06 14:11:18','2020-07-06 14:11:18','2021-07-06 16:11:18'),('b5895641fd7144282e8cbc0d345fba88040ac4714f698fd9dd963adfd87b09ba7311856b25f9df47',1,1,'MyApp','[]',0,'2020-07-06 14:55:21','2020-07-06 14:55:21','2021-07-06 16:55:21'),('b5d8c82c2774d642459ca541d748c8f5c3c92dea08829b7d4c2927d1ee1c9ee2f79835fd30f5af32',1,1,'MyApp','[]',0,'2020-07-06 14:31:37','2020-07-06 14:31:37','2021-07-06 16:31:37'),('b65d2de62454930ee4c5bef1c2f54fcdee26c029a050ae1b36a0d2e885d86340792e2bdebee1e9aa',1,1,'MyApp','[]',0,'2020-07-06 15:24:10','2020-07-06 15:24:10','2021-07-06 17:24:10'),('b7ef66eceb9b39c60275fc36e69a7d3e9b3c9caaedd1f78607f37bdd1496afaae2aafe2ba0753a4c',1,1,'MyApp','[]',0,'2020-07-06 15:02:12','2020-07-06 15:02:12','2021-07-06 17:02:12'),('bae9a5540e8e2ce362ab08addd6076c0aee29973fc31de52b64218271c4d5d9ae3bededc424938ba',1,1,'MyApp','[]',0,'2020-07-06 15:26:54','2020-07-06 15:26:54','2021-07-06 17:26:54'),('bb0d27b7c801deae6d5e43cd37e7ed5576af326ba2cc78f512b604f0a3ff74cc90e6dc979563b7aa',1,1,'MyApp','[]',0,'2020-07-13 01:51:58','2020-07-13 01:51:58','2021-07-13 03:51:58'),('bcb85c875a591177de00ac8d7ac17783690369686aa9849f40092fd4216e995040cdedf34f085ec3',1,1,'MyApp','[]',0,'2020-07-06 13:34:51','2020-07-06 13:34:51','2021-07-06 15:34:51'),('bf44f2dbb1399d384d2db192e6c620600256ed39797a1bcd3558293c6363e2f3385a0513adaea68d',1,1,'MyApp','[]',0,'2020-07-13 01:54:21','2020-07-13 01:54:21','2021-07-13 03:54:21'),('bfc0e469ba438140c2ce607b306912ff6adac92f5165834849d5a3b4c7ff14b2bc150058adab7eae',1,1,'MyApp','[]',0,'2020-07-06 13:41:50','2020-07-06 13:41:50','2021-07-06 15:41:50'),('c0cbb5e9921488e4d04393d084fec48f8230d42d5b38ba5b9dc9e77c5704ef46433a57194afe5740',1,1,'MyApp','[]',0,'2020-07-13 01:51:03','2020-07-13 01:51:03','2021-07-13 03:51:03'),('c1098689202bf295d7f3a11479e77190422ae051b9ad648e42eeae05d71ce7c8d0fca79b532cf4f1',1,1,'MyApp','[]',0,'2020-07-06 15:31:13','2020-07-06 15:31:13','2021-07-06 17:31:13'),('c18860393197f4ca5989e8c968931f4a21caf45e015f4be57fff7c29a8ec8fb3e6bfc293291319b7',1,1,'MyApp','[]',0,'2020-07-06 13:59:22','2020-07-06 13:59:22','2021-07-06 15:59:22'),('c3d761e233a20003afe0125a0f25c7d8c5c5787ccbf5e988a7ca0d0567b08e93d75044cb54041948',1,1,'MyApp','[]',0,'2020-07-06 15:11:11','2020-07-06 15:11:11','2021-07-06 17:11:11'),('c8779319fdddcb7f07bbb0a047b678a440d24ef84856022d0eb19ace2c0b26c8f4a9beea2d8d6b55',1,1,'MyApp','[]',0,'2020-07-06 14:50:55','2020-07-06 14:50:55','2021-07-06 16:50:55'),('c9f88d1eec27411eff49b33d278772c1cfa67c6a2542fe7483a81475db1a04dab80a9d3cd8a8aaf6',1,1,'MyApp','[]',0,'2020-07-06 13:27:37','2020-07-06 13:27:37','2021-07-06 15:27:37'),('caa86866cace8a2e88a237c7ddfa7ca8aacf3e0849f82fa9428a38214ac78083651c0601f251a9b5',1,1,'MyApp','[]',0,'2020-07-06 15:09:35','2020-07-06 15:09:35','2021-07-06 17:09:35'),('d02049fc1a0a3baa024046a3bb355899bf4d986affbb75258a0b34040b9abe38035bb66089f1fdd1',1,1,'MyApp','[]',0,'2020-07-06 13:38:39','2020-07-06 13:38:39','2021-07-06 15:38:39'),('d1ad22428b1431b4a427f51b264aac3b5afc4e6e113487b11b4ba961bafd1182587433c0c11eae6e',1,1,'MyApp','[]',0,'2020-07-06 14:48:25','2020-07-06 14:48:25','2021-07-06 16:48:25'),('d58ac8fac0699447d7e71393501a938c1ba8fbdc27dc0e112a831d8468bfe4767da12cff91a9d466',1,1,'MyApp','[]',0,'2020-07-13 01:41:21','2020-07-13 01:41:21','2021-07-13 03:41:21'),('d66691eea905583d89b1a232b1e9a1fe8efae81fb7539f08f31103904c48b0832e09642743cf842d',1,1,'MyApp','[]',0,'2020-07-06 14:00:31','2020-07-06 14:00:31','2021-07-06 16:00:31'),('d6ce7b9b9e869f7bf6615a01751641967090c3b90472cc5a669058e147dfb681fa103eb929de65e8',1,1,'MyApp','[]',0,'2020-07-06 13:25:04','2020-07-06 13:25:04','2021-07-06 15:25:04'),('d9ca94b6db760ce55a3253745c04094b7f3efc393e6344a1c5ed9f5aa13e396a4170cf5895b397cf',1,1,'MyApp','[]',0,'2020-07-06 13:54:29','2020-07-06 13:54:29','2021-07-06 15:54:29'),('dba0ba7a8078a45f6b8af61349948f9ed464d3dd7a5a0385c54fbbaddbd13dc8b50b49a7e8ea1261',1,1,'MyApp','[]',0,'2020-07-09 21:11:37','2020-07-09 21:11:37','2021-07-09 23:11:37'),('dc9d2c7295a59b7980d3d8196b6d3ceac20ce34677a549a8442383e927165a9d055259b0b9016257',1,1,'MyApp','[]',0,'2020-07-09 21:13:04','2020-07-09 21:13:04','2021-07-09 23:13:04'),('e18f5d0aa7a8e6d7cde08efa0181b67721d92d0b2dd7e79c1ea99a8d1e030ad3e87dbcd363eb9b30',1,1,'MyApp','[]',0,'2020-07-06 14:11:33','2020-07-06 14:11:33','2021-07-06 16:11:33'),('e3cce4735de6457e83fd2b57734702d2ac1c4a53e84ce4f6d1f629d27ac9693f8dabaaa016eaa944',1,1,'MyApp','[]',0,'2020-07-13 01:46:28','2020-07-13 01:46:28','2021-07-13 03:46:28'),('e4900fba8a0f784f5f3b487c7d60f245d2f40d13111126f9656de36e1fc31411f2f13523e72cab38',1,1,'MyApp','[]',0,'2020-07-06 14:08:18','2020-07-06 14:08:18','2021-07-06 16:08:18'),('e565a5b36a2e884e21f5a16ff92a31d035ab23553be973eeca4e8a3311829ef858b6b8a92bb5a996',1,1,'MyApp','[]',0,'2020-07-06 14:08:31','2020-07-06 14:08:31','2021-07-06 16:08:31'),('ea21abfa9d206282b9d56c36b45a904bd3c44020dc448b4059b414d168b852ac33ba560dc66e092e',1,1,'MyApp','[]',0,'2020-07-06 15:05:40','2020-07-06 15:05:40','2021-07-06 17:05:40'),('ebe9e7a6916321b8457d5e4d2d92e42fbc672a76cb88aafcc84323603cf1d0fffda6f05647f2b50f',1,1,'MyApp','[]',0,'2020-07-06 14:44:28','2020-07-06 14:44:28','2021-07-06 16:44:28'),('ed119eb1cf492c9606afa8c6ab329c8e27ae5bfdfef88ee74f2ac267d84f3323d9b1cc49c48ba7fd',1,1,'MyApp','[]',0,'2020-07-06 13:31:27','2020-07-06 13:31:27','2021-07-06 15:31:27'),('ee2d478653ecd975b5d9f5a2836370f1c474683959d9b5453a5ff605b3749fe9b7f168842bb6268e',1,1,'MyApp','[]',0,'2020-07-06 14:01:21','2020-07-06 14:01:21','2021-07-06 16:01:21'),('efe6ed072000bdd80e67fb69455717c210c35fd486a925d1c8593e08d50fa1a9ab99e28154dfe349',1,1,'MyApp','[]',0,'2020-07-06 15:21:28','2020-07-06 15:21:28','2021-07-06 17:21:28'),('f112bbb2adea861672d0afdc6529a20636a2983ffa509c085101f8190d63b306f3dbd921364945c2',1,1,'MyApp','[]',0,'2020-07-06 13:57:20','2020-07-06 13:57:20','2021-07-06 15:57:20'),('f5020b4880a98f929428a2e18b958872d5371c32d9b4e871f14327fd0f981d57af0a0965985a0ade',1,1,'MyApp','[]',0,'2020-07-06 14:28:23','2020-07-06 14:28:23','2021-07-06 16:28:23'),('f6cf72fbb711f9396872f5afd193b613d498b808a3ecae211bb0d6b715f163e21065cfed892a032e',1,1,'MyApp','[]',0,'2020-07-06 13:24:43','2020-07-06 13:24:43','2021-07-06 15:24:43'),('f712e9b0f7113fe0b90434c9c456b99c6276fa114413960ddca245348a48067b686dd1052e1a52e8',1,1,'MyApp','[]',0,'2020-07-13 01:45:37','2020-07-13 01:45:37','2021-07-13 03:45:37'),('f7b6903ec91cb6d460ff1313d1414f3ac9132a7742d0e99c600b760066d035b9b41245e98bb14c6e',1,1,'MyApp','[]',0,'2020-07-06 14:52:39','2020-07-06 14:52:39','2021-07-06 16:52:39'),('faff59ca5006f5b0a773f7a6766ebe8dba06fe7db6b4c2704a7bc5f2973890f2498b5e3c61116cb6',1,1,'MyApp','[]',0,'2020-07-06 15:13:59','2020-07-06 15:13:59','2021-07-06 17:13:59'),('fb2a80ae6abf7986ef9b22763b84522335e8b5016d9a8fccaf17e9f13abfbcd2e0deacd218d60b34',1,1,'MyApp','[]',0,'2020-07-06 14:51:15','2020-07-06 14:51:15','2021-07-06 16:51:15'),('feadf3f885e98cac11b5f6ff1864d3640e1c3dae0d5ef3c9fbce541a07e141af11ca6717194f9e3a',1,1,'MyApp','[]',0,'2020-07-06 13:30:39','2020-07-06 13:30:39','2021-07-06 15:30:39'),('ff2b2d0d869652647b444822453f3e300f1790e1f5238f80bec83d55806a0fa428f6d3f838f16729',1,1,'MyApp','[]',0,'2020-07-06 13:31:58','2020-07-06 13:31:58','2021-07-06 15:31:58');
/*!40000 ALTER TABLE `oauth_access_tokens` ENABLE KEYS */;
UNLOCK TABLES;

--
-- Table structure for table `oauth_auth_codes`
--

DROP TABLE IF EXISTS `oauth_auth_codes`;
/*!40101 SET @saved_cs_client     = @@character_set_client */;
/*!50503 SET character_set_client = utf8mb4 */;
CREATE TABLE `oauth_auth_codes` (
  `id` varchar(100) COLLATE utf8mb4_unicode_ci NOT NULL,
  `user_id` bigint unsigned NOT NULL,
  `client_id` bigint unsigned NOT NULL,
  `scopes` text COLLATE utf8mb4_unicode_ci,
  `revoked` tinyint(1) NOT NULL,
  `expires_at` datetime DEFAULT NULL,
  PRIMARY KEY (`id`),
  KEY `oauth_auth_codes_user_id_index` (`user_id`)
) ENGINE=InnoDB DEFAULT CHARSET=utf8mb4 COLLATE=utf8mb4_unicode_ci;
/*!40101 SET character_set_client = @saved_cs_client */;

--
-- Dumping data for table `oauth_auth_codes`
--

LOCK TABLES `oauth_auth_codes` WRITE;
/*!40000 ALTER TABLE `oauth_auth_codes` DISABLE KEYS */;
/*!40000 ALTER TABLE `oauth_auth_codes` ENABLE KEYS */;
UNLOCK TABLES;

--
-- Table structure for table `oauth_clients`
--

DROP TABLE IF EXISTS `oauth_clients`;
/*!40101 SET @saved_cs_client     = @@character_set_client */;
/*!50503 SET character_set_client = utf8mb4 */;
CREATE TABLE `oauth_clients` (
  `id` bigint unsigned NOT NULL AUTO_INCREMENT,
  `user_id` bigint unsigned DEFAULT NULL,
  `name` varchar(255) COLLATE utf8mb4_unicode_ci NOT NULL,
  `secret` varchar(100) COLLATE utf8mb4_unicode_ci DEFAULT NULL,
  `provider` varchar(255) COLLATE utf8mb4_unicode_ci DEFAULT NULL,
  `redirect` text COLLATE utf8mb4_unicode_ci NOT NULL,
  `personal_access_client` tinyint(1) NOT NULL,
  `password_client` tinyint(1) NOT NULL,
  `revoked` tinyint(1) NOT NULL,
  `created_at` timestamp NULL DEFAULT NULL,
  `updated_at` timestamp NULL DEFAULT NULL,
  PRIMARY KEY (`id`),
  KEY `oauth_clients_user_id_index` (`user_id`)
) ENGINE=InnoDB AUTO_INCREMENT=3 DEFAULT CHARSET=utf8mb4 COLLATE=utf8mb4_unicode_ci;
/*!40101 SET character_set_client = @saved_cs_client */;

--
-- Dumping data for table `oauth_clients`
--

LOCK TABLES `oauth_clients` WRITE;
/*!40000 ALTER TABLE `oauth_clients` DISABLE KEYS */;
INSERT INTO `oauth_clients` VALUES (1,NULL,'SpeakLand Personal Access Client','26HKFRdNvKOHBsBKxUXrmLXLFSjXhCNUJkfla3De',NULL,'http://localhost',1,0,0,'2020-07-06 13:19:54','2020-07-06 13:19:54'),(2,NULL,'SpeakLand Password Grant Client','zRBFS9VlaHFGxTke1YcqRoRQYkvXAory8YmivqvF','users','http://localhost',0,1,0,'2020-07-06 13:19:54','2020-07-06 13:19:54');
/*!40000 ALTER TABLE `oauth_clients` ENABLE KEYS */;
UNLOCK TABLES;

--
-- Table structure for table `oauth_personal_access_clients`
--

DROP TABLE IF EXISTS `oauth_personal_access_clients`;
/*!40101 SET @saved_cs_client     = @@character_set_client */;
/*!50503 SET character_set_client = utf8mb4 */;
CREATE TABLE `oauth_personal_access_clients` (
  `id` bigint unsigned NOT NULL AUTO_INCREMENT,
  `client_id` bigint unsigned NOT NULL,
  `created_at` timestamp NULL DEFAULT NULL,
  `updated_at` timestamp NULL DEFAULT NULL,
  PRIMARY KEY (`id`)
) ENGINE=InnoDB AUTO_INCREMENT=2 DEFAULT CHARSET=utf8mb4 COLLATE=utf8mb4_unicode_ci;
/*!40101 SET character_set_client = @saved_cs_client */;

--
-- Dumping data for table `oauth_personal_access_clients`
--

LOCK TABLES `oauth_personal_access_clients` WRITE;
/*!40000 ALTER TABLE `oauth_personal_access_clients` DISABLE KEYS */;
INSERT INTO `oauth_personal_access_clients` VALUES (1,1,'2020-07-06 13:19:54','2020-07-06 13:19:54');
/*!40000 ALTER TABLE `oauth_personal_access_clients` ENABLE KEYS */;
UNLOCK TABLES;

--
-- Table structure for table `oauth_refresh_tokens`
--

DROP TABLE IF EXISTS `oauth_refresh_tokens`;
/*!40101 SET @saved_cs_client     = @@character_set_client */;
/*!50503 SET character_set_client = utf8mb4 */;
CREATE TABLE `oauth_refresh_tokens` (
  `id` varchar(100) COLLATE utf8mb4_unicode_ci NOT NULL,
  `access_token_id` varchar(100) COLLATE utf8mb4_unicode_ci NOT NULL,
  `revoked` tinyint(1) NOT NULL,
  `expires_at` datetime DEFAULT NULL,
  PRIMARY KEY (`id`)
) ENGINE=InnoDB DEFAULT CHARSET=utf8mb4 COLLATE=utf8mb4_unicode_ci;
/*!40101 SET character_set_client = @saved_cs_client */;

--
-- Dumping data for table `oauth_refresh_tokens`
--

LOCK TABLES `oauth_refresh_tokens` WRITE;
/*!40000 ALTER TABLE `oauth_refresh_tokens` DISABLE KEYS */;
/*!40000 ALTER TABLE `oauth_refresh_tokens` ENABLE KEYS */;
UNLOCK TABLES;

--
-- Table structure for table `password_resets`
--

DROP TABLE IF EXISTS `password_resets`;
/*!40101 SET @saved_cs_client     = @@character_set_client */;
/*!50503 SET character_set_client = utf8mb4 */;
CREATE TABLE `password_resets` (
  `email` varchar(255) COLLATE utf8mb4_unicode_ci NOT NULL,
  `token` varchar(255) COLLATE utf8mb4_unicode_ci NOT NULL,
  `created_at` timestamp NULL DEFAULT NULL,
  KEY `password_resets_email_index` (`email`)
) ENGINE=InnoDB DEFAULT CHARSET=utf8mb4 COLLATE=utf8mb4_unicode_ci;
/*!40101 SET character_set_client = @saved_cs_client */;

--
-- Dumping data for table `password_resets`
--

LOCK TABLES `password_resets` WRITE;
/*!40000 ALTER TABLE `password_resets` DISABLE KEYS */;
/*!40000 ALTER TABLE `password_resets` ENABLE KEYS */;
UNLOCK TABLES;

--
-- Table structure for table `payments`
--

DROP TABLE IF EXISTS `payments`;
/*!40101 SET @saved_cs_client     = @@character_set_client */;
/*!50503 SET character_set_client = utf8mb4 */;
CREATE TABLE `payments` (
  `id` bigint unsigned NOT NULL AUTO_INCREMENT,
  `user_id` bigint unsigned NOT NULL,
  `amount` int unsigned NOT NULL,
  `paid` tinyint unsigned NOT NULL DEFAULT '0',
  `token` varchar(255) COLLATE utf8mb4_unicode_ci DEFAULT NULL,
  `ip` varchar(255) COLLATE utf8mb4_unicode_ci DEFAULT NULL,
  `checked` tinyint unsigned NOT NULL DEFAULT '0',
  `created_at` timestamp NULL DEFAULT NULL,
  `updated_at` timestamp NULL DEFAULT NULL,
  `recurring` tinyint(1) NOT NULL DEFAULT '0',
  PRIMARY KEY (`id`)
) ENGINE=InnoDB AUTO_INCREMENT=72 DEFAULT CHARSET=utf8mb4 COLLATE=utf8mb4_unicode_ci;
/*!40101 SET character_set_client = @saved_cs_client */;

--
-- Dumping data for table `payments`
--

LOCK TABLES `payments` WRITE;
/*!40000 ALTER TABLE `payments` DISABLE KEYS */;
INSERT INTO `payments` VALUES (1,35,0,1,NULL,'195.8.50.133',0,'2020-07-30 21:38:53','2020-07-30 21:39:39',0),(2,35,0,1,NULL,'195.8.50.133',0,'2020-07-30 21:44:02','2020-07-30 21:44:57',0),(3,38,0,1,NULL,'195.8.50.133',0,'2020-07-30 21:55:52','2020-07-30 21:56:41',0),(4,39,0,1,NULL,'195.8.50.133',0,'2020-07-30 21:58:29','2020-07-30 21:59:23',0),(5,40,0,0,NULL,'195.8.50.133',0,'2020-07-30 22:03:57','2020-07-30 22:03:57',0),(6,41,0,0,NULL,'195.8.50.133',0,'2020-07-30 22:08:06','2020-07-30 22:08:06',0),(7,42,0,0,NULL,'195.8.50.133',0,'2020-07-30 22:09:36','2020-07-30 22:09:36',0),(8,43,0,0,NULL,'195.8.50.133',0,'2020-07-30 22:10:36','2020-07-30 22:10:36',0),(9,44,0,0,NULL,'195.8.50.133',0,'2020-07-30 22:10:49','2020-07-30 22:10:49',0),(10,45,0,0,NULL,'195.8.50.133',0,'2020-07-30 22:11:06','2020-07-30 22:11:06',0),(11,46,0,0,NULL,'195.8.50.133',0,'2020-07-30 22:11:51','2020-07-30 22:11:51',0),(51,47,0,0,NULL,'195.8.50.133',0,'2020-07-30 22:12:57','2020-07-30 22:12:57',0),(52,48,0,0,NULL,'195.8.50.133',0,'2020-07-30 22:14:02','2020-07-30 22:14:02',0),(53,49,0,0,NULL,'195.8.50.133',0,'2020-07-30 22:14:45','2020-07-30 22:14:45',0),(54,50,0,0,NULL,'195.8.50.133',0,'2020-07-30 22:15:29','2020-07-30 22:15:29',0),(55,51,0,1,NULL,'195.8.50.133',0,'2020-07-30 22:16:15','2020-07-30 22:17:11',0),(56,52,0,0,NULL,'195.8.50.133',0,'2020-07-30 22:22:14','2020-07-30 22:22:14',0),(57,52,0,0,NULL,'195.8.50.133',0,'2020-07-30 22:22:35','2020-07-30 22:22:35',0),(58,53,0,0,NULL,'195.8.50.133',0,'2020-07-30 22:32:51','2020-07-30 22:32:51',0),(59,54,0,0,NULL,'195.8.50.133',0,'2020-07-30 22:48:22','2020-07-30 22:48:22',0),(60,55,0,0,NULL,'213.139.212.19',0,'2020-07-30 23:18:50','2020-07-30 23:18:50',0),(61,56,0,0,NULL,'213.139.212.19',0,'2020-07-30 23:42:00','2020-07-30 23:42:00',0),(62,56,0,0,NULL,'213.139.212.19',0,'2020-07-30 23:43:40','2020-07-30 23:43:40',0),(63,57,0,0,NULL,'213.139.212.19',0,'2020-07-31 11:51:51','2020-07-31 11:51:51',0),(64,57,0,0,NULL,'213.139.212.19',0,'2020-07-31 11:53:50','2020-07-31 11:53:50',0),(65,58,20,0,NULL,'217.76.14.172',0,'2020-07-31 11:57:27','2020-07-31 11:57:27',0),(66,59,20,0,NULL,'213.139.212.19',0,'2020-07-31 12:01:46','2020-07-31 12:01:46',0),(67,60,20,0,NULL,'213.139.212.19',0,'2020-07-31 12:02:42','2020-07-31 12:02:42',0),(68,61,20,0,NULL,'213.139.212.19',0,'2020-07-31 12:53:39','2020-07-31 12:53:39',0),(69,62,20,0,NULL,'46.130.124.100',0,'2020-07-31 12:55:06','2020-07-31 12:55:06',0),(70,63,20,0,NULL,'46.130.124.100',0,'2020-07-31 12:58:48','2020-07-31 12:58:48',0),(71,64,20,0,NULL,'46.130.124.100',0,'2020-07-31 13:03:12','2020-07-31 13:03:12',0);
/*!40000 ALTER TABLE `payments` ENABLE KEYS */;
UNLOCK TABLES;

--
-- Table structure for table `progress`
--

DROP TABLE IF EXISTS `progress`;
/*!40101 SET @saved_cs_client     = @@character_set_client */;
/*!50503 SET character_set_client = utf8mb4 */;
CREATE TABLE `progress` (
  `id` bigint unsigned NOT NULL AUTO_INCREMENT,
  `user_id` bigint unsigned NOT NULL,
  `section_id` bigint unsigned NOT NULL,
  `mission_id` bigint unsigned NOT NULL,
  `step_id` bigint unsigned NOT NULL,
  `quiz_id` bigint unsigned NOT NULL,
  `created_at` timestamp NULL DEFAULT NULL,
  `updated_at` timestamp NULL DEFAULT NULL,
  PRIMARY KEY (`id`)
) ENGINE=InnoDB DEFAULT CHARSET=utf8mb4 COLLATE=utf8mb4_unicode_ci;
/*!40101 SET character_set_client = @saved_cs_client */;

--
-- Dumping data for table `progress`
--

LOCK TABLES `progress` WRITE;
/*!40000 ALTER TABLE `progress` DISABLE KEYS */;
/*!40000 ALTER TABLE `progress` ENABLE KEYS */;
UNLOCK TABLES;

--
-- Table structure for table `questions`
--

DROP TABLE IF EXISTS `questions`;
/*!40101 SET @saved_cs_client     = @@character_set_client */;
/*!50503 SET character_set_client = utf8mb4 */;
CREATE TABLE `questions` (
  `id` bigint unsigned NOT NULL AUTO_INCREMENT,
  `quiz_id` bigint unsigned NOT NULL,
  `title` varchar(255) COLLATE utf8mb4_unicode_ci NOT NULL,
  `order` tinyint unsigned NOT NULL,
  `description` varchar(255) COLLATE utf8mb4_unicode_ci DEFAULT NULL,
  `duration_seconds` int unsigned NOT NULL,
  `created_at` timestamp NULL DEFAULT NULL,
  `updated_at` timestamp NULL DEFAULT NULL,
  PRIMARY KEY (`id`)
) ENGINE=InnoDB AUTO_INCREMENT=16 DEFAULT CHARSET=utf8mb4 COLLATE=utf8mb4_unicode_ci;
/*!40101 SET character_set_client = @saved_cs_client */;

--
-- Dumping data for table `questions`
--

LOCK TABLES `questions` WRITE;
/*!40000 ALTER TABLE `questions` DISABLE KEYS */;
INSERT INTO `questions` VALUES (1,5,'1fsafasfas',1,'fsafsafsafsafas',60,'2020-06-08 03:03:19','2020-06-08 03:09:13'),(6,4,'Vopros 1',2,NULL,456,'2020-06-08 04:05:43','2020-06-08 04:05:43'),(9,1,'Chto nujno delat pri vstreche s medvedem',3,'asffsafsafsafsafsa',35,'2020-06-08 04:09:11','2020-07-06 15:08:13'),(10,1,'Imya kogo nelzya proiznesti vslux',4,'asffsafsafsafsafsa',35,'2020-06-08 04:09:33','2020-07-06 15:05:36'),(11,1,'Kak vas zovut',1,'asffsafsafsafsafsa',35,'2020-06-08 04:09:55','2020-07-06 15:02:46'),(12,1,'Kak zovut Billa geytsa',253,'asffsafsafsafsafsa',35,'2020-06-08 04:10:10','2020-07-06 15:04:15'),(13,1,'Kak zovut vashu sobaku',253,'asffsafsafsafsafsa',35,'2020-06-08 04:10:26','2020-07-06 15:03:32'),(14,2,'Vopros na rassipku',3,NULL,5,'2020-06-08 04:18:17','2020-06-08 04:22:09'),(15,6,'Vopros 1',1,'dassaffsafsafsa',30,'2020-06-13 17:47:38','2020-06-13 17:47:38');
/*!40000 ALTER TABLE `questions` ENABLE KEYS */;
UNLOCK TABLES;

--
-- Table structure for table `quizzes`
--

DROP TABLE IF EXISTS `quizzes`;
/*!40101 SET @saved_cs_client     = @@character_set_client */;
/*!50503 SET character_set_client = utf8mb4 */;
CREATE TABLE `quizzes` (
  `id` bigint unsigned NOT NULL AUTO_INCREMENT,
  `mission_id` bigint unsigned NOT NULL,
  `title` varchar(255) COLLATE utf8mb4_unicode_ci NOT NULL,
  `description` varchar(255) COLLATE utf8mb4_unicode_ci DEFAULT NULL,
  `pass_price` int unsigned DEFAULT NULL,
  `min_score` int unsigned NOT NULL,
  `duration_seconds` int unsigned NOT NULL,
  `created_at` timestamp NULL DEFAULT NULL,
  `updated_at` timestamp NULL DEFAULT NULL,
  PRIMARY KEY (`id`)
) ENGINE=InnoDB AUTO_INCREMENT=7 DEFAULT CHARSET=utf8mb4 COLLATE=utf8mb4_unicode_ci;
/*!40101 SET character_set_client = @saved_cs_client */;

--
-- Dumping data for table `quizzes`
--

LOCK TABLES `quizzes` WRITE;
/*!40000 ALTER TABLE `quizzes` DISABLE KEYS */;
INSERT INTO `quizzes` VALUES (1,7,'Mission 1 final quiz','аыфафыафыафы',2553,25,553,'2020-06-08 02:40:56','2020-07-06 10:52:28'),(2,8,'afs','аыфафыафыафы',2553,2,553,'2020-06-08 02:41:09','2020-06-08 02:50:23'),(4,8,'fasfasfasfas',NULL,355,552,535,'2020-06-08 02:50:38','2020-06-08 02:51:04'),(5,7,'afsfasfsafsa',NULL,3552,52,525,'2020-06-08 02:51:11','2020-06-08 02:51:11'),(6,9,'Test , mission 3','hgkgkkghjhgkjhgj',150,35,180,'2020-06-13 17:45:36','2020-06-13 17:45:36');
/*!40000 ALTER TABLE `quizzes` ENABLE KEYS */;
UNLOCK TABLES;

--
-- Table structure for table `safes`
--

DROP TABLE IF EXISTS `safes`;
/*!40101 SET @saved_cs_client     = @@character_set_client */;
/*!50503 SET character_set_client = utf8mb4 */;
CREATE TABLE `safes` (
  `id` bigint unsigned NOT NULL AUTO_INCREMENT,
  `type` varchar(10) CHARACTER SET utf8mb4 COLLATE utf8mb4_unicode_ci NOT NULL,
  `user_id` bigint unsigned NOT NULL,
  `section_id` int unsigned DEFAULT NULL,
  `mission_id` int unsigned DEFAULT NULL,
  `step_id` int unsigned DEFAULT NULL,
  `created_at` timestamp NULL DEFAULT NULL,
  `updated_at` timestamp NULL DEFAULT NULL,
  PRIMARY KEY (`id`)
) ENGINE=InnoDB AUTO_INCREMENT=7 DEFAULT CHARSET=utf8mb4 COLLATE=utf8mb4_unicode_ci;
/*!40101 SET character_set_client = @saved_cs_client */;

--
-- Dumping data for table `safes`
--

LOCK TABLES `safes` WRITE;
/*!40000 ALTER TABLE `safes` DISABLE KEYS */;
INSERT INTO `safes` VALUES (1,'section',1,15,NULL,NULL,'2020-07-28 22:48:30','2020-07-28 22:48:30'),(2,'step',1,NULL,NULL,71,'2020-07-28 22:49:00','2020-07-28 22:49:00'),(3,'section',1,25,NULL,NULL,'2020-07-29 16:33:00','2020-07-29 16:33:00'),(4,'step',1,NULL,NULL,96,'2020-07-29 16:33:04','2020-07-29 16:33:04'),(5,'step',51,NULL,NULL,22,'2020-07-31 13:51:50','2020-07-31 13:51:50'),(6,'step',51,NULL,NULL,23,'2020-07-31 13:51:52','2020-07-31 13:51:52');
/*!40000 ALTER TABLE `safes` ENABLE KEYS */;
UNLOCK TABLES;

--
-- Table structure for table `sections`
--

DROP TABLE IF EXISTS `sections`;
/*!40101 SET @saved_cs_client     = @@character_set_client */;
/*!50503 SET character_set_client = utf8mb4 */;
CREATE TABLE `sections` (
  `id` bigint unsigned NOT NULL AUTO_INCREMENT,
  `mission_id` bigint unsigned NOT NULL,
  `title` varchar(255) COLLATE utf8mb4_unicode_ci NOT NULL,
  `absolute_order` int unsigned NOT NULL DEFAULT '0',
  `order` tinyint unsigned NOT NULL,
  `description` varchar(255) CHARACTER SET utf8mb4 COLLATE utf8mb4_unicode_ci DEFAULT NULL,
  `pass_price` int unsigned DEFAULT NULL,
  `created_at` timestamp NULL DEFAULT NULL,
  `updated_at` timestamp NULL DEFAULT NULL,
  `img_path` varchar(200) COLLATE utf8mb4_unicode_ci DEFAULT NULL,
  `img_url` varchar(200) COLLATE utf8mb4_unicode_ci DEFAULT NULL,
  PRIMARY KEY (`id`)
) ENGINE=InnoDB AUTO_INCREMENT=31 DEFAULT CHARSET=utf8mb4 COLLATE=utf8mb4_unicode_ci;
/*!40101 SET character_set_client = @saved_cs_client */;

--
-- Dumping data for table `sections`
--

LOCK TABLES `sections` WRITE;
/*!40000 ALTER TABLE `sections` DISABLE KEYS */;
INSERT INTO `sections` VALUES (10,9,'Grammar Quiz',12,1,'Grammar Quiz',150,'2020-07-04 18:48:41','2020-07-31 13:38:21','/var/www/speakland/public/storage/img/sections/5-Best-Programming-Languages-for-Mobile-App-Development.jpg','/storage/img/sections/5-Best-Programming-Languages-for-Mobile-App-Development.jpg'),(11,9,'Rhythmpedia',13,2,'Rhythmpedia',150,'2020-07-04 18:48:55','2020-07-31 13:38:21','/var/www/speakland/public/storage/img/sections/1593895735_5-Best-Programming-Languages-for-Mobile-App-Development.jpg','/storage/img/sections/1593895735_5-Best-Programming-Languages-for-Mobile-App-Development.jpg'),(12,9,'Listening',14,3,'ListeningListening',150,'2020-07-04 18:49:12','2020-07-31 13:38:21','/var/www/speakland/public/storage/img/sections/1593895752_5-Best-Programming-Languages-for-Mobile-App-Development.jpg','/storage/img/sections/1593895752_5-Best-Programming-Languages-for-Mobile-App-Development.jpg'),(13,9,'Reading and Effective Speaking',15,4,'Reading and Effective Speaking',150,'2020-07-04 18:49:25','2020-07-31 13:38:21','/var/www/speakland/public/storage/img/sections/1593895765_5-Best-Programming-Languages-for-Mobile-App-Development.jpg','/storage/img/sections/1593895765_5-Best-Programming-Languages-for-Mobile-App-Development.jpg'),(14,9,'Check Yourself',16,5,'Check Yourself',150,'2020-07-04 18:49:37','2020-07-31 13:38:21','/var/www/speakland/public/storage/img/sections/5-Best-Programming-Languages-for-Mobile-App-Development.png','/storage/img/sections/5-Best-Programming-Languages-for-Mobile-App-Development.png'),(15,7,'Первые шаги',1,1,'',10,'2020-07-28 09:42:10','2020-07-31 13:38:21',NULL,NULL),(16,7,'Интерфейс платформы',2,2,'Посмотрите из каких элементов состоит наша платформа и как нею пользоваться.',10,'2020-07-28 10:00:16','2020-07-31 13:38:21',NULL,NULL),(17,7,'Методика обучения',3,3,'Познакомьтесь с нашей методикой обучения!',10,'2020-07-28 10:02:08','2020-07-31 13:38:21',NULL,NULL),(18,8,'Start Here',4,1,'Start Here',10,'2020-07-28 11:55:48','2020-07-31 13:38:21',NULL,NULL),(19,8,'Pronunciation',5,2,'Pronunciation',10,'2020-07-28 11:58:32','2020-07-31 13:38:21',NULL,NULL),(24,8,'Reading',6,3,'Reading Reading',10,'2020-07-28 22:31:24','2020-07-31 13:38:21',NULL,NULL),(25,8,'Vocabulary',7,4,'Vocabulary',10,'2020-07-28 23:06:53','2020-07-31 13:38:21',NULL,NULL),(26,8,'Grammar',8,5,'Grammar Grammar',10,'2020-07-28 23:29:44','2020-07-31 13:38:21',NULL,NULL),(27,8,'Grammar Quiz',9,6,'Grammar Quiz',10,'2020-07-28 23:57:48','2020-07-31 13:38:21',NULL,NULL),(28,8,'Rhythmpedia',10,7,'Rhythmpedia',10,'2020-07-29 00:02:36','2020-07-31 13:38:21',NULL,NULL),(29,8,'Listening',11,8,'Listening Listening',10,'2020-07-29 00:07:23','2020-07-31 13:44:19',NULL,NULL);
/*!40000 ALTER TABLE `sections` ENABLE KEYS */;
UNLOCK TABLES;

--
-- Table structure for table `settings`
--

DROP TABLE IF EXISTS `settings`;
/*!40101 SET @saved_cs_client     = @@character_set_client */;
/*!50503 SET character_set_client = utf8mb4 */;
CREATE TABLE `settings` (
  `id` bigint unsigned NOT NULL AUTO_INCREMENT,
  `title` varchar(255) COLLATE utf8mb4_unicode_ci NOT NULL,
  `code` varchar(255) COLLATE utf8mb4_unicode_ci NOT NULL,
  `value` varchar(255) COLLATE utf8mb4_unicode_ci NOT NULL,
  `created_at` timestamp NULL DEFAULT NULL,
  `updated_at` timestamp NULL DEFAULT NULL,
  PRIMARY KEY (`id`)
) ENGINE=InnoDB AUTO_INCREMENT=12 DEFAULT CHARSET=utf8mb4 COLLATE=utf8mb4_unicode_ci;
/*!40101 SET character_set_client = @saved_cs_client */;

--
-- Dumping data for table `settings`
--

LOCK TABLES `settings` WRITE;
/*!40000 ALTER TABLE `settings` DISABLE KEYS */;
/*!40000 ALTER TABLE `settings` ENABLE KEYS */;
UNLOCK TABLES;

--
-- Table structure for table `steps`
--

DROP TABLE IF EXISTS `steps`;
/*!40101 SET @saved_cs_client     = @@character_set_client */;
/*!50503 SET character_set_client = utf8mb4 */;
CREATE TABLE `steps` (
  `id` bigint unsigned NOT NULL AUTO_INCREMENT,
  `section_id` bigint unsigned NOT NULL,
  `mission_id` bigint unsigned NOT NULL,
  `title` varchar(255) COLLATE utf8mb4_unicode_ci NOT NULL,
  `transcription` varchar(50) CHARACTER SET utf8mb4 COLLATE utf8mb4_unicode_ci DEFAULT NULL,
  `absolute_order` int unsigned NOT NULL DEFAULT '0',
  `order` tinyint unsigned NOT NULL,
  `absolute_mission` int unsigned NOT NULL DEFAULT '0',
  `description` varchar(255) CHARACTER SET utf8mb4 COLLATE utf8mb4_unicode_ci DEFAULT NULL,
  `duration_seconds` int unsigned NOT NULL,
  `video_path` varchar(255) COLLATE utf8mb4_unicode_ci DEFAULT NULL,
  `video_url` varchar(255) COLLATE utf8mb4_unicode_ci DEFAULT NULL,
  `audio_path` varchar(255) COLLATE utf8mb4_unicode_ci DEFAULT NULL,
  `audio_url` varchar(255) COLLATE utf8mb4_unicode_ci DEFAULT NULL,
  `pdf_path` varchar(255) COLLATE utf8mb4_unicode_ci DEFAULT NULL,
  `pdf_url` varchar(255) COLLATE utf8mb4_unicode_ci DEFAULT NULL,
  `img_url` varchar(200) COLLATE utf8mb4_unicode_ci DEFAULT NULL,
  `img_path` varchar(200) COLLATE utf8mb4_unicode_ci DEFAULT NULL,
  `pass_price` int unsigned DEFAULT NULL,
  `created_at` timestamp NULL DEFAULT NULL,
  `updated_at` timestamp NULL DEFAULT NULL,
  PRIMARY KEY (`id`)
) ENGINE=InnoDB AUTO_INCREMENT=100 DEFAULT CHARSET=utf8mb4 COLLATE=utf8mb4_unicode_ci;
/*!40101 SET character_set_client = @saved_cs_client */;

--
-- Dumping data for table `steps`
--

LOCK TABLES `steps` WRITE;
/*!40000 ALTER TABLE `steps` DISABLE KEYS */;
INSERT INTO `steps` VALUES (2,4,6,'fsafasfsasd','',0,23,0,'fsafsafsafsafsafsa',342,'/var/www/speakland/public/storage/video/880.mp4','/storage/video/880.mp4',NULL,NULL,'/var/www/speakland/public/storage/pdf/policy8302.pdf','/storage/pdf/policy8302.pdf','/storage/img/steps/101025124_3483468688350075_9202620807874871296_o.jpg','/var/www/speakland/public/storage/img/steps/101025124_3483468688350075_9202620807874871296_o.jpg',234,'2020-06-08 01:15:31','2020-06-08 01:50:48'),(4,3,4,'fsafsafsafsa','',0,234,0,'saffsafsafsafsafsa',2344,NULL,NULL,'/var/www/speakland/public/storage/audio/Reveille_Loud-6f5f3c25-9bdf-385c-afe7-136595471ea2.mp3','/storage/audio/Reveille_Loud-6f5f3c25-9bdf-385c-afe7-136595471ea2.mp3','/var/www/speakland/public/storage/pdf/Изменение шага.pdf','/storage/pdf/Изменение шага.pdf','/storage/img/steps/1591587495_101966659_5559425220741686_7444418933861384192_n.jpg','/var/www/speakland/public/storage/img/steps/1591587495_101966659_5559425220741686_7444418933861384192_n.jpg',2344,'2020-06-08 01:23:40','2020-06-08 01:38:15'),(5,7,8,'Step 1 in s1 m1','asd',0,1,0,'Description',150,NULL,NULL,NULL,NULL,NULL,NULL,NULL,NULL,50,'2020-06-08 02:01:57','2020-06-08 02:27:50'),(8,5,7,'fasfsafsafsa','afsfasfsa',0,3,0,'fsafsafsfasfsafsa',33,NULL,NULL,NULL,NULL,NULL,NULL,NULL,NULL,22,'2020-06-08 02:18:15','2020-06-08 02:18:15'),(10,7,7,'Step 1','[h]',0,2,0,'fsafsafsafsafasfsafsafsa',170,NULL,NULL,NULL,NULL,NULL,NULL,NULL,NULL,3352,'2020-06-22 17:41:12','2020-07-04 19:11:16'),(11,7,8,'asffsafsafsafsa','saffsafsa',0,3,0,'fsafsafsafsafasfsafsafsa',5253,NULL,NULL,NULL,NULL,NULL,NULL,NULL,NULL,3352,'2020-06-22 17:45:26','2020-06-22 17:45:26'),(12,6,8,'asffsafsafsafsa','saffsafsa',0,4,0,'fsafsafsafsafasfsafsafsa',5253,NULL,NULL,NULL,NULL,NULL,NULL,NULL,NULL,3352,'2020-06-22 17:45:42','2020-07-05 22:32:02'),(13,7,8,'asffsafsafsafsa55','saffsafsa',0,5,0,'fsafsafsafsafasfsafsafsa',5253,NULL,NULL,NULL,NULL,NULL,NULL,NULL,NULL,3352,'2020-06-22 17:45:59','2020-06-22 17:45:59'),(14,8,7,'asffsafsafsafsa56','saffsafsa',0,6,0,'fsafsafsafsafasfsafsafsa',5253,NULL,NULL,NULL,NULL,NULL,NULL,NULL,NULL,3352,'2020-06-22 17:46:06','2020-07-05 22:32:27'),(15,7,8,'57','saffsafsa',0,7,0,'fsafsafsafsafasfsafsafsa',5253,NULL,NULL,NULL,NULL,NULL,NULL,NULL,NULL,3352,'2020-06-22 17:46:30','2020-06-22 17:46:30'),(16,9,7,'asffsafsafsafs58a','saffsafsa',0,8,0,'fsafsafsafsafasfsafsafsa',5253,NULL,NULL,NULL,NULL,NULL,NULL,NULL,NULL,3352,'2020-06-22 17:48:47','2020-07-05 22:32:35'),(17,7,8,'asffsafsafsafsa','saffsafsa',0,9,0,'fsafsafsafsafasfsafsafsa',5253,NULL,NULL,NULL,NULL,NULL,NULL,NULL,NULL,3352,'2020-06-22 17:49:43','2020-06-22 17:49:43'),(18,6,8,'Step 1, new','[h]',0,5,0,'fsafsafsafsfsafsa',124,NULL,NULL,NULL,NULL,NULL,NULL,NULL,NULL,24,'2020-06-22 18:01:27','2020-07-05 21:37:09'),(19,15,7,'Добро пожаловать в Speak Land!',NULL,1,1,1,'Добро пожаловать!',5,NULL,NULL,NULL,NULL,NULL,NULL,NULL,NULL,5,'2020-07-28 10:08:41','2020-07-31 13:44:19'),(20,15,7,'Ловите кайф от каждой миссии!','[]',2,2,2,'Ловите кайф от каждой миссии!',5,NULL,NULL,NULL,NULL,NULL,NULL,NULL,NULL,5,'2020-07-28 11:13:04','2020-07-31 13:44:19'),(21,16,7,'Главная страница','[]',3,1,3,'Главная страница',5,NULL,NULL,NULL,NULL,NULL,NULL,NULL,NULL,5,'2020-07-28 11:20:57','2020-07-31 13:44:19'),(22,16,7,'Верхнее меню','[]',4,2,4,'Верхнее меню',5,NULL,NULL,NULL,NULL,NULL,NULL,NULL,NULL,5,'2020-07-28 11:21:54','2020-07-31 13:44:19'),(23,16,7,'Структура миссий','[]',5,3,5,'Структура миссий',5,NULL,NULL,NULL,NULL,NULL,NULL,NULL,NULL,5,'2020-07-28 11:22:47','2020-07-31 13:44:19'),(24,16,7,'Левое меню и личные настройки','[]',6,4,6,'Левое меню и личные настройки',5,NULL,NULL,NULL,NULL,NULL,NULL,NULL,NULL,5,'2020-07-28 11:23:52','2020-07-31 13:44:19'),(25,16,7,'Добавление в избранное','[]',7,5,7,'Добавление в избранное',5,NULL,NULL,NULL,NULL,NULL,NULL,NULL,NULL,5,'2020-07-28 11:25:28','2020-07-31 13:44:19'),(26,5,8,'Розыгрыши!','[]',0,6,0,'Розыгрыши!',5,NULL,NULL,NULL,NULL,NULL,NULL,NULL,NULL,5,'2020-07-28 11:29:04','2020-07-28 11:29:04'),(27,16,7,'Акции и розыгрыши','[]',8,6,8,'Акции и розыгрыши',5,NULL,NULL,NULL,NULL,NULL,NULL,NULL,NULL,5,'2020-07-28 11:30:00','2020-07-31 13:44:19'),(28,16,7,'Техническая поддержка','[]',9,7,9,'Техническая поддержка',5,NULL,NULL,NULL,NULL,NULL,NULL,NULL,NULL,5,'2020-07-28 11:30:48','2020-07-31 13:44:19'),(29,17,7,'Об учебных материалах',NULL,10,1,10,'Об учебных материалах',5,NULL,NULL,NULL,NULL,NULL,NULL,NULL,NULL,5,'2020-07-28 11:35:35','2020-07-31 13:44:19'),(30,17,7,'Pronunciation',NULL,11,2,11,'Pronunciation',5,NULL,NULL,NULL,NULL,NULL,NULL,NULL,NULL,5,'2020-07-28 11:36:45','2020-07-31 13:44:19'),(31,17,7,'Reading',NULL,12,3,12,'Reading Reading',5,NULL,NULL,NULL,NULL,NULL,NULL,NULL,NULL,5,'2020-07-28 11:38:00','2020-07-31 13:44:19'),(32,17,7,'Vocabulary',NULL,13,4,13,'Vocabulary',5,NULL,NULL,NULL,NULL,NULL,NULL,NULL,NULL,5,'2020-07-28 11:40:47','2020-07-31 13:44:19'),(33,17,7,'Grammar',NULL,14,5,14,'Grammar Grammar',5,NULL,NULL,NULL,NULL,NULL,NULL,NULL,NULL,5,'2020-07-28 11:41:30','2020-07-31 13:44:19'),(34,17,7,'Rhythmpedia (Ритмопедия)',NULL,15,6,15,'Rhythmpedia',5,NULL,NULL,NULL,NULL,NULL,NULL,NULL,NULL,5,'2020-07-28 11:43:05','2020-07-31 13:44:19'),(35,17,7,'Listening',NULL,16,7,16,'Listening Listening',5,NULL,NULL,NULL,NULL,NULL,NULL,NULL,NULL,5,'2020-07-28 11:44:42','2020-07-31 13:44:19'),(36,17,7,'Reading and Effective Speaking','[]',17,8,17,'Reading and Effective Speaking',5,NULL,NULL,NULL,NULL,NULL,NULL,NULL,NULL,5,'2020-07-28 11:45:56','2020-07-31 13:44:19'),(37,17,7,'Программируемые задания','[]',18,9,18,'Программируемые задания',5,NULL,NULL,NULL,NULL,NULL,NULL,NULL,NULL,5,'2020-07-28 11:46:55','2020-07-31 13:44:19'),(38,17,7,'Письменные задания','[]',19,10,19,'Письменные задания',5,NULL,NULL,NULL,NULL,NULL,NULL,NULL,NULL,5,'2020-07-28 11:47:32','2020-07-31 13:44:19'),(39,17,7,'Tests',NULL,20,11,20,'Tests Tests',5,NULL,NULL,NULL,NULL,NULL,NULL,NULL,NULL,5,'2020-07-28 11:48:06','2020-07-31 13:44:19'),(40,18,8,'Как получать максимум пользы от обучения?','[]',21,1,1,'Как получать максимум пользы от обучения?',5,NULL,NULL,NULL,NULL,NULL,NULL,NULL,NULL,5,'2020-07-28 11:57:45','2020-07-31 13:44:19'),(41,19,8,'Step 1. Введение',NULL,22,1,2,'Step 1. Введение',130,NULL,NULL,NULL,NULL,NULL,NULL,NULL,NULL,5,'2020-07-28 12:06:29','2020-07-31 13:44:19'),(59,19,8,'Step 2. [i:], [p]',NULL,23,2,3,'Step 2. Звуки [i:], [p]',630,NULL,NULL,NULL,NULL,NULL,NULL,NULL,NULL,5,'2020-07-28 15:00:06','2020-07-31 13:44:19'),(60,19,8,'Step 3. [b], [m], [f], [v], [s]',NULL,24,3,4,'Step 3. [b], [m], [f], [v], [s]',555,NULL,NULL,NULL,NULL,NULL,NULL,NULL,NULL,5,'2020-07-28 15:13:59','2020-07-31 13:44:19'),(61,19,8,'Step 4. [z], [t], [d], [n], [l]',NULL,25,4,5,'Step 4. [z], [t], [d], [n], [l]',660,NULL,NULL,NULL,NULL,NULL,NULL,NULL,NULL,5,'2020-07-28 15:15:14','2020-07-31 13:44:19'),(62,19,8,'Step 5. Закрепление звуков',NULL,26,5,6,'Step 5. Закрепление звуков. 5 правил красивого произношения',465,NULL,NULL,NULL,NULL,NULL,NULL,NULL,NULL,5,'2020-07-28 15:20:46','2020-07-31 13:44:19'),(63,19,8,'Step 6. [e]',NULL,27,6,7,'Step 6. [e]',300,NULL,NULL,NULL,NULL,NULL,NULL,NULL,NULL,5,'2020-07-28 15:43:37','2020-07-31 13:44:20'),(64,19,8,'Step 7. [i]',NULL,28,7,8,'Step 7. [i]',270,NULL,NULL,NULL,NULL,NULL,NULL,NULL,NULL,5,'2020-07-28 15:47:02','2020-07-31 13:44:20'),(65,19,8,'Step 8. [ai]',NULL,29,8,9,'Step 8. [ai]',285,NULL,NULL,NULL,NULL,NULL,NULL,NULL,NULL,5,'2020-07-28 15:48:53','2020-07-31 13:44:20'),(66,19,8,'Step 9. Контраст: [i] – [i:]',NULL,30,9,10,'Step 9. Контраст: [i] – [i:]',183,NULL,NULL,NULL,NULL,NULL,NULL,NULL,NULL,5,'2020-07-28 15:50:09','2020-07-31 13:44:20'),(67,19,8,'Step 10. Контраст: [i] – [e]',NULL,31,10,11,'Step 10. Контраст: [i] – [e]',163,NULL,NULL,NULL,NULL,NULL,NULL,NULL,NULL,5,'2020-07-28 15:51:13','2020-07-31 13:44:20'),(68,19,8,'Step 11. Контраст: [d] – [t]',NULL,32,11,12,'Step 11. Контраст: [d] – [t]',155,NULL,NULL,NULL,NULL,NULL,NULL,NULL,NULL,5,'2020-07-28 15:52:56','2020-07-31 13:44:20'),(69,19,8,'Step 12. Контраст: [z] – [s]',NULL,33,12,13,'Step 12. Контраст: [z] – [s]',160,NULL,NULL,NULL,NULL,NULL,NULL,NULL,NULL,5,'2020-07-28 15:54:10','2020-07-31 13:44:20'),(70,24,8,'Step 1. Английский алфавит (частичный)',NULL,34,1,14,'Step 1. Английский алфавит (частичный)',180,NULL,NULL,NULL,NULL,NULL,NULL,NULL,NULL,5,'2020-07-28 22:34:58','2020-07-31 13:44:20'),(71,24,8,'Step 2. Открытый и закрытый слог. Чтение буквы “E”',NULL,35,2,15,'Step 2. Открытый и закрытый слог. Чтение буквы “E”',280,NULL,NULL,NULL,NULL,NULL,NULL,NULL,NULL,5,'2020-07-28 22:39:04','2020-07-31 13:44:20'),(72,24,8,'Step 3. Диграф “ee”',NULL,36,3,16,'Step 3. Диграф “ee”',140,NULL,NULL,NULL,NULL,NULL,NULL,NULL,NULL,5,'2020-07-28 22:41:37','2020-07-31 13:44:20'),(73,24,8,'Step 4. Чтение буквы “i”',NULL,37,4,17,'Step 4. Чтение буквы “i”',240,NULL,NULL,NULL,NULL,NULL,NULL,NULL,NULL,5,'2020-07-28 22:43:11','2020-07-31 13:44:20'),(74,24,8,'Step 5. Чтение буквы “s”',NULL,38,5,18,'Step 5. Чтение буквы “s”',240,NULL,NULL,NULL,NULL,NULL,NULL,NULL,NULL,5,'2020-07-28 22:43:56','2020-07-31 13:44:20'),(75,24,8,'Step 6. Чтение удвоенных согласных букв',NULL,39,6,19,'Step 6. Чтение удвоенных согласных букв',165,NULL,NULL,NULL,NULL,NULL,NULL,NULL,NULL,5,'2020-07-28 22:47:08','2020-07-31 13:44:20'),(76,24,8,'Step 7. Произношение согласных на стыках слов',NULL,40,7,20,'Step 7. Произношение согласных на стыках слов',145,NULL,NULL,NULL,NULL,NULL,NULL,NULL,NULL,5,'2020-07-28 22:47:52','2020-07-31 13:44:20'),(77,24,8,'Step 8. Контрольное задание',NULL,41,8,21,'Step 8. Контрольное задание',195,NULL,NULL,NULL,NULL,NULL,NULL,NULL,NULL,5,'2020-07-28 22:49:18','2020-07-31 13:44:20'),(78,24,8,'Step 9. Письменное задание (i:, e, i , ai)',NULL,42,9,22,'Step 9. Письменное задание (i:, e, i , ai)',600,NULL,NULL,NULL,NULL,NULL,NULL,NULL,NULL,5,'2020-07-28 22:50:42','2020-07-31 13:44:20'),(79,25,8,'Step 1. Bedtime listening',NULL,43,1,23,'Step 1. Bedtime listening',70,NULL,NULL,NULL,NULL,NULL,NULL,NULL,NULL,5,'2020-07-28 23:09:02','2020-07-31 13:44:20'),(80,25,8,'Step 2. Programming',NULL,44,2,24,'Step 2. Programming',365,NULL,NULL,NULL,NULL,NULL,NULL,NULL,NULL,5,'2020-07-28 23:18:28','2020-07-31 13:44:20'),(81,25,8,'Step 3. Vocabulary list',NULL,45,3,25,'Step 3. Vocabulary list',900,NULL,NULL,NULL,NULL,NULL,NULL,NULL,NULL,5,'2020-07-28 23:23:05','2020-07-31 13:44:20'),(82,25,8,'Step 4. Check the Words',NULL,46,4,26,'Step 4. Check the Words',175,NULL,NULL,NULL,NULL,NULL,NULL,NULL,NULL,5,'2020-07-28 23:26:27','2020-07-31 13:44:20'),(83,26,8,'Step 1. Грамматическая модель \"See Ben\"',NULL,48,1,28,'Step 1. Грамматическая модель \"See Ben\"',215,NULL,NULL,NULL,NULL,NULL,NULL,NULL,NULL,5,'2020-07-28 23:34:50','2020-07-31 13:44:20'),(84,26,8,'Step 2. Грамматическая модель \"Let’s meet Bess\"',NULL,49,2,29,'Step 2. Грамматическая модель \"Let’s meet Bess\"',260,NULL,NULL,NULL,NULL,NULL,NULL,NULL,NULL,5,'2020-07-28 23:36:17','2020-07-31 13:44:20'),(85,26,8,'Step 3. Повествовательное предложение',NULL,50,3,30,'Step 3. Повествовательное предложение',520,NULL,NULL,NULL,NULL,NULL,NULL,NULL,NULL,5,'2020-07-28 23:40:15','2020-07-31 13:44:20'),(86,26,8,'Step 4. Грамматическая модель \"Pete is ill\"',NULL,51,4,31,'Step 4. Грамматическая модель \"Pete is ill\"',235,NULL,NULL,NULL,NULL,NULL,NULL,NULL,NULL,5,'2020-07-28 23:42:07','2020-07-31 13:44:20'),(87,26,8,'Step 5. Грамматическая модель \"Pete is ten\"',NULL,52,5,32,'Step 5. Грамматическая модель \"Pete is ten\"',275,NULL,NULL,NULL,NULL,NULL,NULL,NULL,NULL,5,'2020-07-28 23:43:42','2020-07-31 13:44:20'),(88,26,8,'Step 6. Грамматическая модель \"Ben is in Kent\"',NULL,53,6,33,'Step 6. Грамматическая модель \"Ben is in Kent\"',345,NULL,NULL,NULL,NULL,NULL,NULL,NULL,NULL,5,'2020-07-28 23:45:28','2020-07-31 13:44:20'),(89,26,8,'Step 7. Грамматическая модель до автоматизма \"Let’s visit Bess\"',NULL,54,7,34,'Step 7. Грамматическая модель до автоматизма \"Let’s visit Bess\"',170,NULL,NULL,NULL,NULL,NULL,NULL,NULL,NULL,5,'2020-07-28 23:47:26','2020-07-31 13:44:20'),(90,26,8,'Step 8. Закрепление моделей',NULL,55,8,35,'Step 8. Закрепление моделей',110,NULL,NULL,NULL,NULL,NULL,NULL,NULL,NULL,5,'2020-07-28 23:48:37','2020-07-31 13:44:20'),(91,26,8,'Step 9. Закрепление моделей',NULL,56,9,36,'Step 9. Закрепление моделей',107,NULL,NULL,NULL,NULL,NULL,NULL,NULL,NULL,5,'2020-07-28 23:49:38','2020-07-31 13:44:20'),(92,26,8,'Step 10. Закрепление моделей',NULL,57,10,37,'Step 10. Закрепление моделей',102,NULL,NULL,NULL,NULL,NULL,NULL,NULL,NULL,5,'2020-07-28 23:51:07','2020-07-31 13:44:20'),(93,27,8,'Step 1. Подготовка к контрольной работе',NULL,58,1,38,'Step 1. Подготовка к контрольной работе',250,NULL,NULL,NULL,NULL,NULL,NULL,NULL,NULL,5,'2020-07-28 23:59:18','2020-07-31 13:44:20'),(94,27,8,'Step 2. Контрольная работа',NULL,59,2,39,'Step 2. Контрольная работа',600,NULL,NULL,NULL,NULL,NULL,NULL,NULL,NULL,5,'2020-07-29 00:01:01','2020-07-31 13:44:20'),(95,28,8,'Slow',NULL,60,1,40,'Slow Slow Slow',260,NULL,NULL,NULL,NULL,NULL,NULL,NULL,NULL,5,'2020-07-29 00:05:15','2020-07-31 13:44:20'),(96,28,8,'Fast',NULL,61,2,41,'Fast Fast Fast',330,NULL,NULL,NULL,NULL,NULL,NULL,NULL,NULL,5,'2020-07-29 00:06:15','2020-07-31 13:44:20'),(97,29,8,'Step 1. Различение звуков',NULL,62,1,42,'Step 1. Различение звуков',330,NULL,NULL,NULL,NULL,NULL,NULL,NULL,NULL,5,'2020-07-29 00:10:22','2020-07-31 13:44:20'),(98,29,8,'Step 2. Расшифровка фонограммы',NULL,63,2,43,'Step 2. Расшифровка фонограммы',300,NULL,NULL,NULL,NULL,NULL,NULL,NULL,NULL,5,'2020-07-29 00:12:39','2020-07-31 13:44:20'),(99,25,8,'Test','ffaafaf',47,123,27,NULL,123,NULL,NULL,NULL,NULL,NULL,NULL,NULL,NULL,12,'2020-07-29 16:39:45','2020-07-31 13:44:20');
/*!40000 ALTER TABLE `steps` ENABLE KEYS */;
UNLOCK TABLES;

--
-- Table structure for table `users`
--

DROP TABLE IF EXISTS `users`;
/*!40101 SET @saved_cs_client     = @@character_set_client */;
/*!50503 SET character_set_client = utf8mb4 */;
CREATE TABLE `users` (
  `id` bigint unsigned NOT NULL AUTO_INCREMENT,
  `mission_id` int unsigned DEFAULT NULL,
  `section_id` int unsigned DEFAULT NULL,
  `step_id` int unsigned DEFAULT NULL,
  `can_quiz` tinyint(1) NOT NULL DEFAULT '0',
  `duration` int unsigned NOT NULL,
  `name` varchar(255) CHARACTER SET utf8mb4 COLLATE utf8mb4_unicode_ci DEFAULT NULL,
  `last_name` varchar(255) CHARACTER SET utf8mb4 COLLATE utf8mb4_unicode_ci DEFAULT NULL,
  `email` varchar(255) CHARACTER SET utf8mb4 COLLATE utf8mb4_unicode_ci NOT NULL,
  `email_verified_at` timestamp NULL DEFAULT NULL,
  `forgot_token` int DEFAULT NULL,
  `password` varchar(255) CHARACTER SET utf8mb4 COLLATE utf8mb4_unicode_ci NOT NULL,
  `password_plain` varchar(255) CHARACTER SET utf8mb4 COLLATE utf8mb4_unicode_ci NOT NULL,
  `phone` varchar(255) CHARACTER SET utf8mb4 COLLATE utf8mb4_unicode_ci DEFAULT NULL,
  `forgot_code` int DEFAULT NULL,
  `avatar_url` varchar(255) COLLATE utf8mb4_unicode_ci DEFAULT NULL,
  `type` tinyint NOT NULL DEFAULT '0',
  `sms_code` int unsigned DEFAULT NULL,
  `balance` int unsigned NOT NULL DEFAULT '0',
  `remember_token` varchar(100) CHARACTER SET utf8mb4 COLLATE utf8mb4_unicode_ci DEFAULT NULL,
  `created_at` timestamp NULL DEFAULT NULL,
  `updated_at` timestamp NULL DEFAULT NULL,
  PRIMARY KEY (`id`),
  UNIQUE KEY `users_email_unique` (`email`)
) ENGINE=InnoDB AUTO_INCREMENT=65 DEFAULT CHARSET=utf8mb4 COLLATE=utf8mb4_unicode_ci;
/*!40101 SET character_set_client = @saved_cs_client */;

--
-- Dumping data for table `users`
--

LOCK TABLES `users` WRITE;
/*!40000 ALTER TABLE `users` DISABLE KEYS */;
INSERT INTO `users` VALUES (1,8,29,97,0,0,'VARDAN MKHITARYAN45',NULL,'vmxitaryan@gmail.com223',NULL,NULL,'$2y$10$QQWFynLflYb3gUSrmJFUSuT9GvxBeJ06aZ8Sw3XAZTBkyw.paCzha','kjpass123',NULL,NULL,'/storage/avatar/Mercedes-Benz-S500-4matic-w220-2002-1920x1200-001.jpg',1,463677,121168,'8GQ0QCUMfwbgfLOp1FYnx8e2x0ZDog43hpWyxnrAV7YEcWsno2pXnehQYjBD','2020-05-28 18:16:21','2020-07-28 22:59:21'),(3,NULL,NULL,NULL,0,0,'VARDAN MKHITARYAN',NULL,'vmxitaryan@gmail.comw',NULL,NULL,'$2y$10$X4RG8.8eJyC6Fd.jYKNFLOi1THB3EJeE6h6rplxl2BAV7JYbMCDGe','kjpass123',NULL,NULL,NULL,1,194398,0,NULL,'2020-05-28 18:16:21','2020-05-28 18:17:32'),(4,NULL,NULL,NULL,0,0,'fasfsafsafsa',NULL,'vmxitaryan@gmail.coms',NULL,NULL,'$2y$10$QSwSWuZmpHQI6/P6fO45jOq0JftGDBq1wrWppwSKSM/8c/XIbZFTe','5efc9f08b2565',NULL,NULL,NULL,0,NULL,0,NULL,'2020-07-01 12:34:48','2020-07-01 12:34:48'),(5,NULL,NULL,NULL,0,0,'fsafsafsafsa',NULL,'vmxitaryan@gmail.comasf',NULL,NULL,'$2y$10$OFqvrzu24fH3wDXEgusGn.uI5vo27WGVAAGsjDtpe9PtzrrSdTI5C','5efc9f6d7a6ea',NULL,NULL,NULL,0,NULL,0,NULL,'2020-07-01 12:36:29','2020-07-01 12:36:29'),(6,NULL,NULL,NULL,0,0,'Vrt Mxitarian',NULL,'vmxitaryan@gmail.comdsa',NULL,NULL,'$2y$10$pnUl.KMhP6qSi6UGkCBY.eACta5rI3nZ6sAc9hu8I5zdipI329dOa','5efc9f83b6408',NULL,NULL,NULL,0,NULL,0,NULL,'2020-07-01 12:36:51','2020-07-01 12:36:51'),(7,NULL,NULL,NULL,0,0,'Vrt Mxitarian',NULL,'vmxitaryan@gmail.comdsa5',NULL,NULL,'$2y$10$1M7/T8xegUDSKvOpLruQt.dNhZwu2JleWSWRJvH51yD6tihty9IoW','5efc9f9b3a1fb',NULL,NULL,NULL,0,NULL,0,NULL,'2020-07-01 12:37:15','2020-07-01 12:37:15'),(8,NULL,NULL,NULL,0,0,'VARDAN MKHITARYAN5',NULL,'vmxitaryan@gmail.com5',NULL,NULL,'$2y$10$PaUlQqgGtlhLkoFm3itGr.bIw3ItF/vVcbAazVxTYxy0rqdoVXaae','5efc9ffb1dfef',NULL,NULL,NULL,0,NULL,0,NULL,'2020-07-01 12:38:51','2020-07-01 12:38:51'),(9,NULL,NULL,NULL,0,0,'Sargis Khachatryan',NULL,'test@test.test',NULL,NULL,'$2y$10$l3960yI0cRQheQypDWJqAOpTIjlwD3kOjo8yHdqjax/zqGWmZwt56','5efca1948ec6a',NULL,NULL,NULL,0,NULL,0,NULL,'2020-07-01 12:45:40','2020-07-01 12:45:40'),(10,NULL,NULL,NULL,0,0,'Руслан Токарь',NULL,'kardiyakv01@gmail.com',NULL,NULL,'$2y$10$wn3aGqqhPcugAE0DzAL4BuPE0jWrnyUpPwxI37eEr5baeetp0/7aC','5efe347ad52a5',NULL,NULL,NULL,0,NULL,0,NULL,'2020-07-02 17:24:42','2020-07-02 17:24:42'),(11,7,8,10,0,0,'Syune-Yu',NULL,'sune@gmail.com',NULL,NULL,'$2y$10$mHL2x/QnHdRdiatafLRBuubcOmLK6QsUwR7M2pSSKDxqv3vUmXL3.','5f010332c047f',NULL,NULL,NULL,0,NULL,0,NULL,'2020-07-04 20:31:14','2020-07-04 20:31:14'),(51,7,16,25,0,0,'VARDAN MKHITARYAN',NULL,'vmxitaryan@gmail.com',NULL,NULL,'$2y$12$0cL.DhY/SnAEZy5Ngae6l.AgbZt7TkBd0HxWNU9aBeiG0P.32r1Zi','5f2362cee65e0','4545646544566',NULL,NULL,1,NULL,105,NULL,'2020-07-30 22:16:15','2020-07-31 13:53:19'),(52,7,15,19,0,0,NULL,NULL,'salvadordali.news@gmail.com',NULL,NULL,'$2y$12$0cL.DhY/SnAEZy5Ngae6l.AgbZt7TkBd0HxWNU9aBeiG0P.32r1Z','5f23643635c0f','4564564',NULL,NULL,0,NULL,0,NULL,'2020-07-30 22:22:14','2020-07-30 22:22:14'),(53,7,15,20,0,0,NULL,NULL,'salvadordali.news@gmail.com34',NULL,NULL,'$2y$10$Sosk0TrjBnoBdlqHwrRDe.IPlN6TRfgLKcdj0C3hcEecXBuaLh0ua','5f2366b2aff08','4234443',NULL,NULL,0,NULL,5,NULL,'2020-07-30 22:32:50','2020-07-31 13:56:20'),(54,7,15,19,0,0,NULL,NULL,'vmxitaryan@gmail.com23',NULL,NULL,'$2y$10$G7SJpv10xjYxWh7ZUfCake28sO1ZtjzP5PcqopJSV9U.8k2bpfsVC','5f236a561b720','463634634',NULL,NULL,0,NULL,0,NULL,'2020-07-30 22:48:22','2020-07-30 22:48:22'),(56,7,16,23,0,0,NULL,NULL,'smartoved@gmail.com',NULL,NULL,'$2y$10$UBZO7QCKPtrZq2cd4R4WWOvbeI1htBebRGIb2QjYcIuN/2VQY8KIC','5f2376e7e2667','380955298145',NULL,NULL,0,NULL,20,NULL,'2020-07-30 23:42:00','2020-07-30 23:54:29'),(57,7,15,19,0,0,NULL,NULL,'kardiyakv03@gmail.com',NULL,NULL,'$2y$10$WuZ8/sEmnFa7ghq0Jopc7euyj5QlxPSeY3qhC3XGRovuiaztaOKWC','5f2421f6a3122','+380684071659',NULL,NULL,0,NULL,0,NULL,'2020-07-31 11:51:50','2020-07-31 11:51:50'),(58,7,15,19,0,0,NULL,NULL,'linuxweeva@gmail.com',NULL,NULL,'$2y$10$a3NqdxK6g/O5/eE5bsGJQ.GrebnSkGWHmpbcq/i3/WgVM8ymVgom2','5f242346d139e','23323232323',NULL,NULL,0,NULL,0,NULL,'2020-07-31 11:57:26','2020-07-31 11:57:26'),(59,7,15,19,0,0,NULL,NULL,'ismartoved10@gmail.com',NULL,NULL,'$2y$10$PeNWTDvmQp3jffys6e2Iyemar3ph4wq.JiwROXVdKyf.y1Q17lLSy','5f24244a82485','0911111111',NULL,NULL,0,NULL,0,NULL,'2020-07-31 12:01:46','2020-07-31 12:01:46'),(60,7,15,19,0,0,NULL,NULL,'ismartoved12@gmail.com',NULL,NULL,'$2y$10$38M2BH4Lf9u/Uscb35E.XuDwVP.QbM7ZwLwWM1ClPp/x1zmI/.TzS','5f242481d43d7','0911111112',NULL,NULL,0,NULL,0,NULL,'2020-07-31 12:02:41','2020-07-31 12:02:41'),(61,7,15,19,0,0,NULL,NULL,'ismartoved20@gmail.com',NULL,NULL,'$2y$10$Trja/LLVEGgFUUxq3JQxuOPqyRYpwIxhfCynqbU1KPTv4pXbCtBdm','5f24307345eed','+380930000000',NULL,NULL,0,NULL,0,NULL,'2020-07-31 12:53:39','2020-07-31 12:53:39'),(62,7,15,19,0,0,NULL,NULL,'vmxitaryan@gmail.com23www',NULL,NULL,'$2y$10$CN9uu27WmjEWGG7C1F4HFeEUS/H.Weu2AraYcrQIgjqVsuVyRv33C','5f2430ca7219a','3024148567',NULL,NULL,0,NULL,0,NULL,'2020-07-31 12:55:06','2020-07-31 12:55:06'),(63,7,15,19,0,0,NULL,NULL,'vmxitaryan@gmail.com23sdaasasd',NULL,NULL,'$2y$10$dq9Cq36sG0D424YNQpGNIepB0kQBHZwINojDXZV4f/2u10IM4wcP6','5f2431a883a76','3024148',NULL,NULL,0,NULL,0,NULL,'2020-07-31 12:58:48','2020-07-31 12:58:48'),(64,7,15,20,0,0,NULL,NULL,'vmxitaryan@gmail.com45',NULL,NULL,'$2y$10$0WE7tQgBYxceV3v8B/vviuSNme924TXpfDfdokVwXA1fo7u74hpFi','5f2432b0b1bfc','0987485355',NULL,NULL,0,NULL,5,NULL,'2020-07-31 13:03:12','2020-07-31 13:10:54');
/*!40000 ALTER TABLE `users` ENABLE KEYS */;
UNLOCK TABLES;
/*!40103 SET TIME_ZONE=@OLD_TIME_ZONE */;

/*!40101 SET SQL_MODE=@OLD_SQL_MODE */;
/*!40014 SET FOREIGN_KEY_CHECKS=@OLD_FOREIGN_KEY_CHECKS */;
/*!40014 SET UNIQUE_CHECKS=@OLD_UNIQUE_CHECKS */;
/*!40101 SET CHARACTER_SET_CLIENT=@OLD_CHARACTER_SET_CLIENT */;
/*!40101 SET CHARACTER_SET_RESULTS=@OLD_CHARACTER_SET_RESULTS */;
/*!40101 SET COLLATION_CONNECTION=@OLD_COLLATION_CONNECTION */;
/*!40111 SET SQL_NOTES=@OLD_SQL_NOTES */;

-- Dump completed on 2020-07-31 17:56:20
